mtllib materials.mtl
v 0.8097894 0.03251672 2.21875
v 0.7955877 -0.002263308 2.494576
v 0.3739338 0.4169246 2.532228
v 0.1440808 -0.1335777 2.589947
v 0.05533746 0.1385888 2.595106
v 0.2805082 0.02432108 3.011494
v 0.102602 0.2963984 2.799734
v 0.8051255 0.111306 2.201431
v 0.6517874 0.1289458 2.111462
v 0.7217721 0.0219754 2.169891
v 0.7136959 0.01980078 2.175763
v 0.5067292 0.2011436 2.120271
v 0.6331986 0.6188768 2.517952
v 0.3731332 0.5545865 2.686078
v 0.2695369 0.5060915 2.504135
v 0.8158317 0.3658173 2.501693
v 0.7652767 0.2640523 2.311621
v 0.4985776 0.3747026 2.694671
v 0.3256413 0.5779374 2.357024
v 0.4204367 0.1850048 2.367798
v 0.5056877 0.3556104 2.592104
v 0.3147114 0.1007514 2.533785
v 0.3195535 0.2176757 2.315335
v 0.9742247 0.3913391 2.31146
v 0.7815982 0.4555292 2.17977
v 0.9481957 0.16421 2.210292
v 0.3952383 0.3599333 2.263901
v 0.3960924 0.3595152 2.263426
v 0.4046371 0.4284396 2.292198
v 0.4025094 0.4282867 2.292833
v 0.3098297 0.396486 2.319873
v 0.2998934 0.3053333 2.322173
v 0.3269901 0.4046439 2.390421
v 0.7177277 0.2021095 2.084731
v 0.3112631 0.5749075 2.679413
v 0.09351918 0.3102372 2.898801
v -0.01810089 0.1579094 2.647945
v 0.725153 0.2981232 2.530843
v 0.6266087 0.2602547 2.337827
v 0.7924225 0.07449841 2.712273
v 0.05675671 0.3747327 2.500136
v 0.5176501 0.09289634 2.258816
v 0.834401 0.1644484 2.686213
v 0.5473032 0.05919564 2.605404
v 0.5027128 0.2513471 2.520101
v 1.041343 0.09411407 2.462859
v 1.055548 0.2722822 2.332117
v 0.6847728 -0.008941531 2.448472
v 0.5882144 0.3890395 2.580777
v 0.7192358 0.2929288 2.210515
v -0.05387428 0.3411669 2.758335
v -0.190467 0.05856717 2.719437
v -0.154682 0.0722518 2.507968
v 0.2494008 0.3056052 2.824802
v 0.3581898 0.3228689 2.632692
v 0.01694152 0.01944292 2.779598
v -0.03257594 0.1752023 2.442484
v -0.02292532 0.1702542 2.442874
v -0.04783979 0.2469422 2.473902
v -0.1067692 0.2001301 2.470149
v -0.1471801 0.148537 2.47419
v -0.1201206 0.2547324 2.509718
v -0.02898571 0.2504679 2.481276
v 0.2203975 0.04549837 2.452698
v -0.4665954 0.3607475 -3.339122
v -0.5526216 0.3174139 -3.437529
v -0.5509951 0.3183213 -3.439874
v -0.3689324 -0.3143815 -3.265319
v -0.3498295 -0.05782855 -3.359527
v -0.7827071 -0.2613349 -3.328153
v -0.8714172 0.1276835 -2.725569
v -0.6528269 -0.05052888 -2.765383
v -0.2487161 0.3079343 -3.099027
v -0.4252535 0.2442096 -3.466612
v -0.3321129 0.2422466 -2.929741
v -0.5499928 0.1377493 -3.444056
v -0.3832243 -0.1391957 -3.045689
v -0.3833791 0.05431271 -3.050655
v -0.4043026 -0.0572648 -2.833227
v -0.8883318 0.3052546 -3.021945
v -0.7461065 0.4010309 -2.944473
v -0.4662361 0.4568132 -3.048632
v -0.48153 -0.1097468 -2.965325
v -0.7599682 0.3862804 -3.1997
v -0.8686087 0.2055407 -3.207423
v -0.7135024 0.3163505 -3.33199
v 0.3551496 0.01622772 3.295391
v 0.2196407 -0.1445163 3.362023
v 0.2209039 -0.1367481 3.240431
v 0.4346605 -0.0244447 3.38606
v 0.4546586 -0.136336 3.333921
v 0.3016829 -0.1618406 3.431055
v 0.3785464 -0.08149624 3.157628
v 0.3932032 -0.1966663 3.25407
v -0.2059292 0.01500762 1.245056
v 0.01067159 0.09235179 1.15079
v -0.3251316 0.1639422 1.186509
v -0.9503967 -0.02376509 1.95926
v -1.042476 -0.03288877 1.869484
v -0.6867979 0.1179436 1.780282
v -0.8177862 0.1113087 1.675678
v -0.1903116 -0.02697706 1.167987
v -0.4552498 0.2134047 1.571175
v -0.6046555 -0.1213399 1.531853
v -0.8046011 -0.01712501 1.422681
v -0.2374474 0.2872298 1.288674
v -0.1237181 0.2296919 1.158274
v -0.1803646 -0.09241927 1.248422
v -0.8758038 0.292549 1.509001
v -0.6516055 0.1658462 1.030535
v -0.2342682 0.3069674 1.101661
v -0.2457987 0.3406429 1.19556
v -0.1752357 0.3332553 1.166801
v -0.2283408 0.3089718 1.102671
v -0.5052969 0.2595727 1.4089
v -0.4837201 -0.04001737 1.637406
v -0.5511138 -0.1915475 1.441801
v 0.1880399 0.328357 1.010668
v 0.327736 0.1530417 0.7342016
v 0.5568861 0.08915484 1.040953
v -0.5718664 -0.02481711 1.128907
v 0.3645862 -0.08289087 0.8279039
v -0.9968969 0.3441871 1.689459
v -1.052598 0.1190693 2.030833
v -1.062422 -0.1239126 1.949422
v -0.2520964 0.3204464 1.323939
v -0.2399798 0.1172129 1.224665
v -0.127438 0.2322459 1.572141
v -0.9952627 -0.1642283 1.603016
v -0.1038631 -0.2364212 1.467836
v -1.27268 0.9044412 0.2459045
v -1.269555 0.9023777 0.2456591
v -1.267088 0.8473934 0.4091983
v -1.108433 0.3290614 -0.2770246
v -1.499453 0.41582 0.170615
v -1.473324 0.1030324 0.03154828
v -0.7540265 0.09129143 0.3644012
v -0.4684515 0.3053724 0.3632859
v -1.432798 0.8118521 0.2649511
v -1.308235 0.5555354 0.6965318
v -1.115541 0.3958079 0.7036574
v -1.321757 0.7303425 0.1098588
v -1.249166 0.1214678 0.3029644
v -1.047108 0.05586195 0.4952794
v -1.204633 0.3145285 0.4428936
v -0.687602 0.6909236 0.5066229
v -0.6329768 0.6970738 0.277345
v -1.022958 0.7329744 0.681779
v -1.085927 0.1233115 0.3081079
v -0.8716886 0.86387 0.3088115
v -0.8176637 0.7263376 0.08952631
v -1.034391 0.8758041 0.1995698
v -1.691951 -0.07900441 0.5451788
v -1.733086 0.3282286 0.2477175
v -1.891606 0.1615645 0.7159222
v -1.33414 0.4944339 0.1353231
v -1.239781 -0.1105895 0.5412361
v -1.120614 0.170593 0.4418302
v -1.161892 0.5026134 0.4611992
v -1.765489 0.4652244 0.7199128
v -1.605857 0.0975703 0.8160884
v -1.549717 0.2511927 0.9097604
v -1.114829 0.1636561 0.6138188
v -1.130734 0.3253025 0.7700334
v -1.344301 0.06066 0.7592618
v -1.114897 0.1643473 0.6144869
v -1.421312 0.0875566 0.2922308
v -1.161849 0.4475461 0.1826655
v -1.352388 0.2460535 0.5636616
v -0.8277917 0.3384966 -0.01543854
v -1.196277 -0.1997992 0.1065992
v -0.9326484 -0.08967412 0.05615981
v -0.7164606 0.08729172 0.1727836
v -1.065319 0.3150038 0.5964754
v -1.238278 -0.00440228 0.5145477
v -1.094139 -0.007303476 0.6051359
v -0.9286174 -0.1761506 0.1854301
v -0.8160868 -0.1604759 0.3543513
v -1.123328 -0.1544088 0.3600857
v -0.9281362 -0.1760836 0.1861526
v -1.113878 0.3273739 -0.2805538
v -0.7669756 0.4770736 0.2328235
v -1.473642 0.1000385 0.03610931
v -0.3289516 0.3965243 0.2038271
v -0.7558564 0.2497202 -0.3926622
v -0.4378193 0.1919926 -0.2495618
v -0.3359574 0.05023909 0.04820229
v -0.9615313 0.008723855 0.3048227
v -1.101139 0.01410735 -0.1557775
v -1.053155 -0.08523262 -0.1370308
v -0.5155026 0.03861821 -0.2931913
v -0.5302421 -0.1635083 -0.1800738
v -0.8136439 0.01698685 -0.2795372
v -0.5155658 0.0377537 -0.2927075
v 0.001995862 -0.1682651 -0.3775342
v -0.3265229 -0.2477199 -0.09897678
v 0.387743 -0.2115631 -0.3856221
v -0.7123368 -0.198697 0.1286435
v -0.1297535 0.07044971 0.01618694
v -0.504828 0.1027147 0.2473114
v -0.5082129 -0.05137217 0.3486571
v -0.09340653 -0.1603965 -0.0004502386
v 0.003309309 0.05421746 -0.01195996
v 0.3914633 -0.05277264 -0.0303628
v -0.3179286 0.1294314 0.2872514
v -0.2528696 0.1380303 0.4052917
v 0.1313096 0.07587898 0.20373
v -0.1976046 0.1272085 0.2320652
v -0.9436821 0.03045082 1.623048
v -1.060529 -0.1601355 1.618949
v -1.13033 -0.1132313 1.492417
v -0.5033921 0.07316387 1.395995
v -0.4972288 0.04809666 1.19303
v -0.4394147 -0.1623507 1.265551
v -1.054109 0.06622815 1.413322
v -0.6170512 -0.1372325 1.084131
v -0.8799469 -0.08193481 1.410494
v -0.7440847 -0.09028673 1.354305
v -0.8765696 0.02653289 1.45739
v -1.297012 -0.1281685 1.855479
v -1.335544 -0.06757987 1.829435
v -1.109232 -0.09852636 1.774609
v -1.163654 -0.01906919 1.750052
v -0.8815436 -0.07119727 1.358811
v -1.163647 0.1081718 1.869095
v -1.298645 -0.07656527 1.955276
v -1.384171 -0.1210163 1.837836
v -0.7975901 0.001548529 1.558565
v -0.8571577 -0.03027308 1.442604
v -0.7920933 -0.1611254 1.616134
v -1.339217 -0.02381885 1.65672
v -0.9417055 -0.2804867 1.405237
v -0.9504951 -0.06214249 1.670482
v -1.137166 -0.1076686 1.566612
v -1.183129 0.03137946 1.590702
v -0.7999016 -0.0004612207 1.528737
v -0.7006363 0.0397085 1.451927
v -0.9071501 -0.1261022 1.370579
v -1.111438 0.121401 1.748216
v -1.01415 0.1907173 1.449285
v -2.156085 0.1272095 -0.4515386
v -2.389003 -0.1805773 -0.2764018
v -2.52472 -0.2177739 -0.527694
v -1.795864 -0.02970254 -0.5964887
v -1.83951 -0.08872247 -0.8840383
v -2.133581 -0.3038017 -0.3544025
v -2.533283 -0.03840208 -0.6744726
v -2.189653 -0.4159526 -0.8561636
v -1.78361 -0.1469684 -0.7007897
v -1.859301 -0.3639229 -0.4358194
v -2.007152 -0.3538116 -0.5606521
v -1.598915 -0.2296917 -0.698537
v -1.66019 -0.4111695 -0.7519961
v -1.695367 -0.4109513 -0.4631241
v -1.945224 -0.3083109 -0.8470072
v -1.828666 -0.4914257 -0.7445801
v 2.744105 -0.448913 0.7744619
v 2.508964 -0.4900362 1.360398
v 2.955991 -0.3714633 1.379305
v 1.770504 -0.3029974 1.550809
v 2.274423 -0.3011807 1.761245
v 2.134396 -0.4940688 1.571544
v 2.685479 -0.2369535 1.062159
v 2.231134 -0.2135731 1.503101
v 2.825298 -0.191229 1.223714
v 2.465931 -0.235395 1.648053
v 2.870438 -0.1018507 1.872235
v 1.227598 -0.09158766 1.839673
v 2.189786 -0.09562612 1.994671
v 2.143617 -0.2824843 1.807358
v 2.725621 -0.01727998 1.524381
v 2.220516 -0.02919745 1.762586
v 2.409681 -0.2827231 1.857482
v 2.798433 -0.3741682 1.278294
v 2.34183 -0.1734463 1.151286
v 3.666959 -0.2877543 1.255165
v 3.177602 -0.2095324 0.9042502
v 3.25134 -0.440968 1.140345
v 2.576071 -0.0631541 1.563812
v 3.174933 -0.1159338 1.196539
v 2.144767 0.2297417 -0.07533266
v 2.322832 -0.1909062 0.1754667
v 1.859156 0.009809136 -0.007168368
v 2.651322 -0.4074455 -0.06269853
v 2.436906 0.2129098 -0.4390819
v 2.567643 -0.0906297 -0.4524068
v 2.496401 -0.42554 -0.4088976
v 1.908786 -0.3146511 -0.09056969
v 1.964769 0.04707956 -0.3055823
v 1.911003 -0.113712 -0.40012
v 2.43301 -0.07942188 -0.5673428
v 2.282424 -0.2388903 -0.6432484
v 2.179466 0.05492556 -0.4824383
v 2.432366 -0.08010375 -0.5676674
v 2.180834 0.06842017 0.3099478
v 2.583027 -0.1276633 0.2166191
v 2.237055 -0.1541228 0.5354701
v 2.591759 -0.2856646 -0.1544475
v 2.007697 0.01406419 -0.0571254
v 2.157774 -0.1899675 -0.1986157
v 2.303837 -0.4528272 -0.1636081
v 2.32156 -0.4183789 0.4293246
v 2.036052 -0.1945697 0.3454092
v 2.016939 -0.3634146 0.3346015
v 2.031426 -0.254063 -0.1343251
v 1.997558 -0.4412886 -0.06191808
v 1.966219 -0.1895342 0.1115888
v 2.031281 -0.2548637 -0.1340153
v 1.559711 -0.3483236 -1.17689
v 1.937911 -0.2399489 -1.280858
v 1.850422 -0.2359687 -1.512554
v 0.4297716 -0.2390046 -0.6272026
v 1.411098 -0.2587528 -0.7280949
v 1.291704 -0.4216225 -0.9439058
v 1.785371 -0.1124573 -1.331007
v 1.365128 -0.1644045 -0.9667114
v 1.21882 -0.1653457 -1.036863
v 1.9302 -0.2583166 -1.097199
v 1.895971 -0.1717963 -1.197498
v 1.802092 -0.2465789 -1.598372
v 1.649858 -0.2338327 -1.563709
v 1.372646 -0.2549009 -1.271749
v 1.892177 -0.1697607 -1.202078
v 1.676728 -0.290559 -1.00833
v 1.7882 -0.1806939 -1.523413
v 1.788225 -0.1812909 -1.525096
v 1.079811 -0.3561725 -2.439938
v 1.043575 -0.3420187 -2.692225
v 0.8504188 -0.4172285 -2.144953
v 0.7364454 -0.3195603 -1.700525
v 0.6069926 -0.4772264 -1.882988
v -0.03721932 -0.3200967 -1.572004
v -0.2396643 -0.2624016 -1.47356
v -0.0005213916 -0.3030958 -1.621125
v 1.085695 -0.1967274 -2.334874
v 0.6860104 -0.214712 -1.914262
v 0.6665285 -0.2170732 -2.054722
v 1.321088 -0.3434595 -2.076067
v 1.041 -0.2783204 -2.561967
v 1.040065 -0.2813146 -2.570223
v 0.9489706 -0.3110939 -2.58571
v 0.6296631 -0.2946218 -2.22375
v -0.2752105 -0.2445375 -1.570367
v -0.1348725 -0.2741255 -1.5637
v -0.1252991 -0.2338202 -1.549164
v 0.5121886 -0.3718632 -1.936743
v 1.066075 -0.124359 -2.38334
v 0.09196082 -0.3099278 -1.89317
v -0.1553703 -0.2722793 -1.580587
v 0.1165027 -0.2808645 -1.780721
v 0.3295453 -0.1298252 -1.850076
v 0.6549745 -0.1545557 -2.092335
v 1.019397 -0.2137069 -2.607092
v 0.8497607 -0.3487654 -2.061856
v 0.8487734 -0.3471762 -2.062083
v 0.8564066 -0.3179895 -1.980854
v 0.9045539 -0.06353605 -2.335511
v 1.056983 -0.1750298 -2.10031
v 1.113091 -0.02998829 -2.174711
v 0.781978 0.1331196 -2.025701
v 0.6068743 0.09519553 -2.030541
v 0.9418653 -0.3396112 -2.049552
v 0.9315343 -0.1871828 -1.839531
v 0.8770941 -0.0738883 -1.842765
v 0.9109921 -0.2826302 -2.131102
v 1.002414 0.01445484 -2.043911
v 0.9207968 0.09086049 -1.953311
v 0.9392079 -0.06119215 -1.972362
v 0.6234153 -0.1233013 -1.948305
v 0.6011239 -0.119725 -2.064531
v 0.7644897 -0.2087599 -1.851674
v 0.9275215 0.04786694 -2.045332
v 0.661851 -0.2265307 -2.054732
v 0.6698217 -0.1573386 -2.167784
v 0.747929 -0.2868903 -2.09133
v 1.587448 -0.03679907 0.1025919
v 2.018773 0.05766213 0.2207184
v 1.660187 -0.2138737 0.3612424
v 2.276508 -0.008187652 -0.08254281
v 1.657708 -0.1278279 -0.2904105
v 1.941211 -0.1809231 -0.3216866
v 2.180921 -0.3091433 -0.188443
v 1.918904 -0.358636 0.3425627
v 1.627328 -0.3363032 0.1120585
v 1.718015 -0.4802048 0.1197347
v 1.864568 -0.3156867 -0.3086525
v 1.92028 -0.4951373 -0.2303135
v 1.676563 -0.3389546 -0.1269872
v 1.864807 -0.3164542 -0.3083174
v 1.321331 -0.2572185 0.1199801
v 1.465165 0.004106641 0.2296832
v 1.298615 -0.2545218 0.3425609
v 1.734635 0.01599979 0.1527049
v 1.539768 -0.3597229 -0.03118043
v 1.708383 -0.269161 0.03257813
v 1.807674 -0.1977226 0.2039078
v 1.473428 -0.2170854 0.4460168
v 1.415063 -0.3851659 0.2579228
v 1.494692 -0.4147191 0.3404028
v 1.699565 -0.3660427 0.07990246
v 1.742163 -0.4124815 0.2066578
v 1.537532 -0.4187191 0.1453176
v 1.699747 -0.3662413 0.0804445
v -0.7702886 0.2140087 0.7299681
v -0.7155732 0.3070972 0.7206389
v -0.7134565 0.3062578 0.7212491
v -0.7815186 0.2571172 0.1917791
v -0.7143039 0.2144691 0.3921777
v -0.8342346 0.5627142 0.3104289
v -1.319161 0.4177622 0.5700187
v -1.231914 0.3016908 0.399226
v -0.8969731 0.01177657 0.6304853
v -0.661274 0.2348406 0.6449857
v -1.041655 0.04761744 0.5803247
v -0.7044851 0.3414445 0.5838041
v -0.9550196 0.1846523 0.3086776
v -0.9573327 0.1483794 0.456631
v -1.121865 0.1368045 0.3563144
v -1.106459 0.4617509 0.7341686
v -1.133769 0.3221667 0.7754147
v -0.99099 0.1303922 0.7778094
v -1.039516 0.2327551 0.3414018
v -0.9452324 0.39202 0.7888528
v -0.9596163 0.508019 0.6708639
v -0.8328482 0.4011531 0.7389128
v 0.9619855 0.1508723 3.075449
v 0.8277531 -0.01801825 3.275342
v 0.6506948 0.03837228 3.201797
v 1.027775 -0.006218314 2.839992
v 0.8734092 0.02127445 2.7065
v 0.8807282 -0.1415061 3.121732
v 0.6421342 0.1797693 3.125425
v 0.6181594 -0.1040641 2.879983
v -2.075237 0.5245856 -2.016217
v -2.076436 0.5213796 -2.014679
v -2.245085 0.5577489 -2.017716
v -1.914073 -0.217919 -2.249042
v -2.20777 0.2568398 -2.470742
v -2.237679 -0.0458262 -2.629981
v -2.634649 -0.2691973 -1.981261
v -2.573191 -0.264151 -1.629718
v -2.112811 0.5500542 -2.196531
v -2.62693 0.5054973 -2.162281
v -2.73558 0.2950525 -2.081024
v -2.031835 0.3613914 -2.16692
v -2.497 -0.02071106 -2.392546
v -2.723901 -0.08151603 -2.228426
v -2.534211 0.1602207 -2.235337
v -2.485466 0.1922936 -1.595297
v -2.290637 0.06055963 -1.578619
v -2.570812 0.478072 -1.831851
v -2.523669 -0.101311 -2.253013
v -2.205763 0.3179992 -1.689595
v -2.087221 0.08851266 -1.746196
v -2.082036 0.3591815 -1.836373
v 0.09798065 -0.3818474 -2.171085
v 0.4654747 -0.3333364 -2.288048
v 0.4715376 -0.3172275 -2.296699
v 0.1040435 -0.3657386 -2.179736
v -0.7435175 -0.2155368 -1.397625
v 0.08986786 -0.173172 -2.047843
v 0.1211568 -0.2981873 -1.993142
v -0.7833425 -0.2054491 -1.407018
v -1.657628 0.005101442 -0.2387914
v -1.67323 0.3519672 -0.01158287
v -1.830274 -0.04595816 -0.008735701
v -1.34002 0.4638447 0.0912375
v -1.287568 -0.02570045 -0.2560177
v -1.183731 0.1244738 -0.06618451
v -1.204903 0.2856067 0.3972741
v -1.713683 0.109669 0.4315595
v -1.602432 -0.1567216 -0.02412643
v -1.548588 -0.1089615 0.325229
v -1.188932 -0.009664297 -0.02226441
v -1.210596 -0.08225417 0.1463101
v -1.385267 -0.1380646 -0.06400226
v -1.189024 -0.009974837 -0.02154355
v 0.5287728 -0.3235478 -1.663469
v 0.5279618 -0.3224251 -1.665764
v 0.4940163 -0.2136943 -1.618612
v 0.8197378 -0.2734583 -2.148413
v 0.849335 -0.1209555 -1.748367
v 0.9939231 -0.02610672 -1.922315
v 0.5138007 0.1839817 -2.136941
v 0.2866438 0.08906269 -2.20337
v 0.6402473 -0.2754699 -1.609528
v 0.5291159 0.07561183 -1.57916
v 0.483735 0.1725392 -1.722504
v 0.6614886 -0.3031189 -1.753567
v 0.7823319 0.1101775 -1.913386
v 0.6382908 0.2498288 -1.954197
v 0.6438668 0.08160079 -1.813172
v 0.2155136 -0.05222642 -1.910356
v 0.2583897 -0.1647298 -2.02817
v 0.3198051 -0.007085323 -1.663264
v 0.6943818 0.121009 -1.989311
v 0.3129272 -0.2489955 -1.844545
v 0.4050657 -0.2824199 -2.006048
v 0.4290833 -0.3179571 -1.806748
v 0.063705 -0.0805918 -1.800769
v 0.1525891 -0.05740607 -1.544779
v 0.1683621 -0.2782723 -1.750692
v -1.607024 0.3207377 0.6011186
v -1.502128 0.4286627 0.2538505
v -1.73692 0.545908 0.5426144
v -1.171208 0.4669056 0.2292131
v -1.296634 0.2894219 0.7339468
v -1.14258 0.4085286 0.5932566
v -1.115047 0.615563 0.4546108
v -1.594708 0.7251296 0.4522976
v -1.56937 0.5465471 0.7023587
v -1.521174 0.6789943 0.7058967
v -1.174342 0.4823256 0.6939623
v -1.187492 0.6496394 0.709741
v -1.382252 0.4926026 0.7564331
v -1.174399 0.4830412 0.6940298
v 0.5617503 -0.08719885 -2.375261
v 0.5577182 -0.371618 -2.438242
v 0.7556438 -0.3735735 -2.434949
v 0.5415797 -0.0486089 -2.090716
v 0.7324651 -0.03011286 -2.021218
v 0.5295249 -0.3569143 -2.238595
v 0.8323755 -0.2370126 -2.464559
v 0.8566858 -0.3245624 -2.103352
v -0.3660052 -0.3141448 -3.262095
v -0.7831274 0.1258236 -3.005876
v -0.7806785 -0.2649164 -3.331571
v -1.15487 -0.2275492 -2.929142
v -1.037873 -0.3095331 -3.172393
v -1.049986 0.1313274 -2.770047
v -0.5367837 -0.1630296 -2.854275
v -1.049826 -0.1591818 -2.683861
v -0.668469 -0.353771 -3.21051
v -0.6094433 -0.4324484 -3.172349
v -1.097099 -0.3560929 -2.915881
v -0.9031272 -0.4103826 -3.044154
v -0.9948982 -0.4310402 -2.780809
v -1.096662 -0.3564135 -2.915303
v 0.1629018 -0.3505076 -3.526711
v -0.3156878 -0.2112181 -3.494716
v -0.3861333 -0.4974032 -3.434743
v -0.5970047 -0.3012682 -3.17816
v -0.6171659 -0.4340444 -3.171311
v -0.4945666 -0.04010117 -3.339361
v -0.03507498 -0.1594458 -3.208236
v -0.3988442 0.01469505 -3.057685
v -0.1637607 -0.460429 -3.122518
v -0.2230991 -0.1596982 -2.830156
v -0.5465912 -0.3649886 -3.100039
v -0.5494936 -0.3307667 -3.055925
v -0.5694159 -0.168974 -2.904235
v -0.5461348 -0.3648565 -3.099624
v 0.1882592 0.01788509 -3.19803
v -0.1526866 -0.1130604 -3.398503
v 0.04226884 -0.2199878 -3.06145
v -0.4069428 -0.02261841 -2.944744
v -0.2273133 -0.1646863 -2.828883
v -0.4836005 0.0007212162 -3.331055
v 0.06126499 0.1901988 -3.268582
v -0.438429 0.1870025 -3.107832
v 0.08120716 0.03167892 -2.981045
v 0.06007621 0.1805936 -2.982776
v -0.3285395 0.05518854 -2.862956
v -0.09887615 0.023283 -2.862755
v -0.2776717 0.2272218 -2.875619
v -0.3283217 0.0559243 -2.86301
v -0.2223671 0.04523015 -3.037584
v -0.5580217 0.02114749 -3.20545
v -0.2756945 -0.19269 -3.118175
v -0.6515043 -0.3372256 -2.904984
v -0.6148064 -0.4400914 -3.173706
v -0.8345401 -0.08745062 -3.08143
v -0.3971571 0.1492114 -2.915796
v -0.7649046 -0.1375532 -2.829865
v -0.2657876 -0.1160382 -2.889648
v -0.3113758 -0.05222666 -2.778685
v -0.5762416 -0.3294621 -2.806544
v -0.3790322 -0.2642895 -2.833634
v -0.5693862 -0.2220877 -2.684817
v -0.5762124 -0.3290029 -2.806023
v -0.553262 0.258442 -2.686642
v -0.5524135 0.258342 -2.688318
v -0.4959204 0.1960348 -2.668141
v -0.7224275 0.2052081 -3.043308
v -0.6886932 0.04568517 -2.790195
v -0.7497365 -0.03300667 -2.930527
v -0.3845184 0.02136469 -3.077234
v -0.2921073 0.1579779 -3.130329
v -0.6068896 0.1861706 -2.662405
v -0.4244923 0.002887607 -2.680881
v -0.3661704 -0.0213815 -2.789331
v -0.6301622 0.2168996 -2.75897
v -0.5739176 -0.05048478 -2.92979
v -0.4395305 -0.08426523 -2.967614
v -0.4959714 -0.003602028 -2.849113
v -0.2726621 0.2273272 -2.873281
v -0.354689 0.2966285 -2.9752
v -0.3212268 0.1315134 -2.71558
v -0.5161952 -0.01843083 -2.978197
v -0.3961382 0.3071064 -2.808095
v -0.4656136 0.3214366 -2.920055
v -0.4904371 0.3070294 -2.779937
v -0.1530173 -0.3610431 -3.151819
v -0.2858671 -0.3778216 -3.158299
v -0.2861601 -0.379365 -3.155843
v -0.344604 0.2536408 -3.020738
v -0.2268516 0.0456841 -3.050549
v -0.5862576 0.1353618 -3.317659
v -0.1476719 0.0570997 -3.704225
v 0.009150565 0.3073431 -3.476806
v 0.1081482 -0.1819462 -3.107189
v -0.2127941 -0.2716953 -3.092977
v 0.04208446 0.05687034 -3.705562
v 0.1481395 -0.06544328 -3.257761
v -0.3123209 -0.1882092 -3.188355
v -0.1208866 0.2075766 -3.178965
v -0.04204172 0.03822541 -3.203833
v 0.04577124 0.223868 -3.325687
v -0.131738 -0.1021025 -3.713899
v -0.04576102 -0.09923971 -3.696271
v 0.1666966 -0.2971357 -3.320868
v -0.05569673 0.2985135 -3.22236
v -0.02494758 -0.2689241 -3.59715
v -0.2114016 -0.3664802 -3.463555
v -0.1972635 -0.2396485 -3.651974
v -0.3540055 -0.2293195 -3.51884
v -0.3046392 -0.3554449 -3.343332
v -0.1371322 -0.1134254 -3.708802
v 0.3972881 -0.0256952 -3.282892
v 0.3592716 -0.1294434 -3.206732
v 0.3448929 -0.08080125 -3.214858
v -0.1393188 0.01433372 -3.307228
v 0.04122409 0.04924047 -3.251624
v -0.109467 -0.3167549 -3.324247
v 0.1623759 -0.3081116 -3.754029
v 0.0901542 -0.1546758 -3.755309
v 0.3405105 0.1789832 -3.458754
v 0.1830115 0.02160084 -3.196241
v 0.2275917 -0.1975094 -3.855459
v 0.2876831 0.1249728 -3.608521
v 0.2153048 -0.1170105 -3.203836
v -0.02849439 0.05176449 -3.516192
v 0.1337465 0.06028736 -3.512786
v 0.02594355 0.004619837 -3.663396
v 0.292843 -0.3258179 -3.711978
v 0.3171986 -0.2640574 -3.748389
v 0.4575741 0.07967651 -3.617645
v -1.767278E-05 -0.01979065 -3.593923
v 0.4402098 -0.2131358 -3.642037
v 0.4309975 -0.2531214 -3.431059
v 0.3673281 -0.3443089 -3.592728
v 0.2846553 -0.352832 -3.435827
v 0.3715192 -0.2322194 -3.315619
v 0.2989744 -0.3273403 -3.702161
vn 0.7051212 0.6981015 0.1243316
vn -0.8725388 -0.2919291 0.3917316
vn 0.2285504 -0.9336618 0.2757543
vn -0.6527481 0.6653141 -0.362322
vn 0.4872738 -0.1509984 -0.8600953
vn 0.515554 0.4532733 0.7271503
vn 0.1802444 -0.9770034 -0.113914
vn -0.6203959 0.5945966 -0.5114331
vn -0.8774333 -0.2599616 0.4031512
vn -0.6939242 -0.2132241 -0.6877534
vn 0.516672 0.710117 0.4783136
vn 0.4070154 0.8564929 -0.3174244
vn -0.3488868 -0.6146657 -0.7074348
vn 0.180244 -0.9770033 -0.1139154
vn 0.6804094 0.1955239 0.7062674
vn 0.3227467 0.8667986 -0.3801247
vn 0.4936516 -0.1587303 -0.8550513
vn -0.2920448 0.9523879 -0.08756261
vn 0.2261118 -0.8825151 0.4123597
vn 0.5005146 0.3092684 0.8086027
vn -0.1465203 -0.06241924 -0.9872364
vn 0.6998225 0.5354406 -0.4728129
vn -0.708158 -0.4686133 0.528123
vn 0.4458956 0.3503012 0.8236906
vn -0.870027 -0.221966 -0.4402092
vn -0.2911875 0.8987284 0.3278676
vn 0.3231998 0.5627346 -0.7608362
vn 0.267916 -0.8597104 0.4348784
vn -0.7007706 -0.5314235 0.4759304
vn -0.7991907 0.5371325 0.2697831
vn 0.6028723 0.2659572 -0.7522046
vn 0.4931246 -0.4005031 0.7722859
vn -0.2882735 0.3990872 -0.8704181
vn 0.1088765 0.9469655 0.302328
vn -0.1523589 -0.8699501 -0.4690135
vn 0.4336292 -0.4969399 0.7516759
vn -0.5365587 0.03721673 -0.843042
vn -0.7561859 -0.2177353 0.617069
vn 0.0004977799 0.9717957 0.235824
vn 0.4937221 0.1935202 -0.8478139
vn -0.1025035 -0.9886034 -0.110256
vn -0.5019817 -0.04520906 -0.8636959
vn -0.2882797 0.3990881 -0.8704157
vn -0.3318047 0.9429228 -0.02832641
vn -0.3795397 0.394572 -0.836817
vn -0.9685183 0.1111954 0.2227285
vn -0.7833773 0.6208946 -0.02845778
vn 0.8940688 -0.08746666 -0.439307
vn 0.5949645 0.6066961 0.5271975
vn -0.143731 0.4974629 -0.8554952
vn 0.4181722 0.827008 -0.3757523
vn -0.1286331 -0.8212284 0.5559114
vn 0.3601854 0.4016202 0.8420022
vn -0.5829978 -0.3105351 -0.7507873
vn -0.72536 0.5407804 0.4259218
vn -0.0589309 0.7065293 -0.7052258
vn 0.812916 -0.2911177 -0.5043987
vn -0.1041299 -0.9943033 0.02275606
vn -0.3605368 0.307297 0.8806711
vn 0.2020221 -0.5898368 -0.7818438
vn 0.2262095 -0.8492782 0.4770282
vn 0.1334701 0.9697273 -0.2044864
vn 0.7381722 0.3598702 0.5706096
vn -0.768447 -0.4000487 -0.49945
vn 0.1653727 -0.8434725 0.5110832
vn -0.6887936 0.6042339 -0.4005805
vn -0.4660548 -0.09807483 0.8793033
vn 0.4527526 0.733961 0.5062769
vn 0.2334122 -0.6182604 -0.750515
vn -0.7403637 -0.361975 -0.5664237
vn -0.8870561 0.445446 -0.1212822
vn 0.7023503 -0.6245055 0.3416094
vn -0.2120457 0.0179044 0.9770958
vn 0.2569015 0.4330366 -0.8639913
vn 0.08564962 0.9868358 0.1371835
vn -0.1591768 -0.9830884 -0.09055432
vn -0.2781886 0.002250204 0.9605238
vn -0.2974843 0.1592878 -0.9413451
vn -0.9641901 0.1807537 0.1940764
vn -0.05398295 0.9475421 -0.3150397
vn 0.7000686 -0.5995157 0.3879239
vn -0.09024837 -0.986752 -0.1348174
vn -0.1613727 -0.3862558 -0.9081659
vn 0.2569105 0.4330392 -0.8639874
vn -0.05398314 0.9475416 -0.3150408
vn -0.2211682 0.3513566 -0.9097435
vn -0.5675254 0.3876338 -0.7263986
vn -0.3423621 0.4950101 -0.7985945
vn -0.4666145 0.8842669 0.01852128
vn 0.09672632 -0.3494222 -0.9319593
vn -0.5335278 -0.7441955 0.401897
vn 0.8948264 0.06697129 -0.4413622
vn 0.315061 0.1781886 0.9321939
vn 0.08321495 -0.3223761 -0.9429469
vn 0.9946448 -0.0389006 0.09575259
vn 0.9692776 -0.2438942 -0.031884
vn 0.2617703 0.2382821 0.9352529
vn -0.8387059 0.2411539 -0.48828
vn -0.6528977 0.6327437 0.4163653
vn 0.5602487 0.6409431 0.5247033
vn 0.499635 0.822246 -0.2725372
vn 0.06594312 -0.9399486 0.3348853
vn 0.8829212 -0.4023594 0.2419861
vn 0.4708843 0.8404968 0.2680169
vn 0.7804202 -0.5836049 -0.2243874
vn -0.1742092 -0.9082552 0.3804255
vn 0.188764 0.5596734 0.8069287
vn 0.1855595 0.5624513 0.8057396
vn 0.8861964 -0.3962317 0.2401171
vn 0.8662258 -0.4257348 0.2615393
vn 0.276419 -0.7424598 0.6102017
vn 0.4963388 -0.6190864 0.6085884
vn -0.551622 0.8338949 -0.01823442
vn -0.7961936 0.4935386 -0.3499933
vn -0.1957368 0.02161508 -0.9804182
vn -0.08086391 0.9363488 -0.3416312
vn 0.3177444 0.7489052 -0.581532
vn 0.09489693 -0.3115191 -0.9454895
vn 0.6170176 0.6701671 -0.412511
vn -0.4700677 0.01782392 -0.8824504
vn -0.5396148 -0.1713054 -0.8242999
vn -0.7320973 0.4614676 -0.5010801
vn -0.3535554 0.7699574 -0.5311913
vn -0.6073049 0.09231114 -0.7890878
vn -0.983844 -0.178827 -0.008480236
vn -0.9859811 -0.1618217 -0.04068249
vn -0.2113363 0.9763793 -0.04495055
vn -0.06639975 0.9473591 -0.3132121
vn -0.7571827 0.6523276 0.03380939
vn 0.5477697 -0.2709392 0.7915431
vn -0.42539 0.6258067 0.6537655
vn 0.850778 -0.2695188 -0.4511502
vn 0.773752 0.3758981 -0.5099103
vn -0.1538546 -0.9859802 -0.06459046
vn -0.4201815 0.6263835 0.6565754
vn -0.165437 -0.6454638 -0.7456588
vn -0.5186672 0.6533086 -0.5515181
vn 0.8423858 0.4966069 -0.209208
vn 0.3715347 -0.8555797 0.3604793
vn -0.3295084 -0.9440276 0.01536716
vn -0.1948354 -0.4899562 -0.8496953
vn -0.326673 0.9135742 0.2422126
vn 0.637641 -0.2794465 0.7178605
vn -0.7035387 0.1682831 -0.690445
vn 0.5064619 -0.7099308 0.489382
vn 0.2302824 0.9153141 0.3304089
vn 0.4665772 -0.764472 0.4448463
vn -0.5940924 -0.3492256 -0.7246349
vn -0.3008337 0.8984843 0.3197264
vn 0.04899805 -0.9974901 0.05111596
vn -0.009636038 0.9986381 -0.05127621
vn 0.8000529 0.5798859 -0.153778
vn -0.4400667 0.09148012 0.8932932
vn 0.7628645 0.0463284 0.6448966
vn 0.784206 0.05235833 0.6182876
vn -0.2449377 0.902676 -0.3538103
vn 0.3568119 0.7990708 0.4839123
vn -0.2245388 -0.8766213 -0.425579
vn 0.5395519 -0.3317202 0.7738512
vn -0.9108775 -0.0976725 -0.4009516
vn -0.195166 -0.3047295 0.9322286
vn 0.1172455 0.9189044 0.3766539
vn 0.6399728 0.3736418 -0.6714363
vn -0.2369633 -0.8416954 -0.4851775
vn 0.2585705 -0.3022484 -0.9174896
vn -0.244945 0.9026734 -0.3538117
vn 0.7776095 0.3434559 0.5266511
vn 0.2691021 0.8566103 0.4402305
vn -0.03502464 0.9438858 -0.3284096
vn -0.9632744 0.1155114 0.2424036
vn 0.5422207 0.8060685 -0.2371715
vn 0.3438421 0.6195398 0.7056509
vn -0.3034419 -0.39227 -0.8683589
vn -0.4254074 0.6515384 -0.6281133
vn 0.3752488 -0.7908947 0.4833984
vn 0.3477493 0.5843121 0.7332461
vn -0.1988011 -0.8703207 -0.4505775
vn -0.9863073 0.109186 0.1235979
vn -0.4011727 0.6886142 -0.6040455
vn 0.7832175 -0.1199618 -0.6100652
vn 0.3526739 -0.8576443 0.3742558
vn -0.9908439 0.07717842 -0.1107791
vn 0.8996441 0.2337707 -0.3687707
vn 0.157674 0.9528125 0.259398
vn -0.1671805 -0.6015109 -0.7811756
vn -0.3969752 0.383626 -0.8338117
vn 0.4529609 -0.299645 0.8396661
vn 0.1797709 0.8074862 0.5618261
vn -0.06477281 -0.9925743 0.1029609
vn -0.9806321 0.02976228 -0.1935845
vn -0.4858141 0.1449912 -0.8619526
vn 0.9314518 0.1230623 -0.3424225
vn 0.4253227 -0.1761762 0.8877289
vn 0.5462798 0.7963856 0.2595159
vn -0.7086267 0.2363814 -0.6648097
vn 0.5067244 -0.6787187 -0.5315745
vn -0.9434413 0.08228434 0.3211665
vn 0.3575592 -0.4727736 0.8053797
vn -0.6995057 0.2671646 -0.6628084
vn -0.7158902 -0.3327186 0.61384
vn -0.8144011 -0.4135087 0.407138
vn 0.4123966 -0.4143131 0.8113407
vn 0.3981397 0.676596 -0.6194374
vn 0.88089 0.4185076 0.2210976
vn 0.01366542 0.06100966 0.9980437
vn -0.3867299 0.6740876 0.6293218
vn -0.03453572 -0.9424806 -0.332472
vn -0.6133966 -0.672591 0.4139637
vn -0.03340703 0.386088 0.9218569
vn -0.8530337 -0.5217378 -0.01109823
vn 0.1843457 -0.8840243 -0.4295553
vn 0.4547011 -0.07158899 0.8877624
vn 0.4570006 -0.06794072 0.8868679
vn -0.6158352 -0.6675492 0.4184797
vn -0.5933298 -0.697892 0.4011316
vn 0.009380824 -0.9981513 0.06005016
vn -0.1365031 -0.9555631 0.2612781
vn 0.5794746 0.7992306 0.1594983
vn 0.4992486 0.7840714 -0.3687587
vn -0.439019 0.6267908 -0.6437358
vn 0.04122686 0.9472427 0.3178546
vn -0.4484195 0.8389195 0.3084382
vn -0.7078894 0.274196 -0.6509295
vn -0.5921712 0.6061788 0.5309242
vn -0.169087 0.6360186 -0.752921
vn -0.1178366 0.4722725 -0.8735407
vn 0.3519542 0.8295462 -0.4335684
vn 0.103376 0.9936048 -0.0454185
vn 0.007994804 0.6749262 -0.737842
vn 0.7172143 0.109967 -0.6881213
vn 0.7027249 0.1422166 -0.6971028
vn 0.3294555 0.841166 0.4288344
vn 0.04949236 0.9359785 0.3485613
vn -0.8226276 -0.3872154 -0.416351
vn 0.4271377 -0.4568708 -0.7802708
vn -0.0591685 0.9982286 0.006218824
vn -0.05303517 -0.828787 0.5570453
vn 0.2154369 0.760515 0.6125388
vn -0.04642696 -0.5615166 -0.826162
vn 0.9136282 -0.4038229 -0.04701839
vn 0.3501025 -0.3183886 0.8809409
vn 0.01224494 0.8677002 0.4969371
vn 0.01751546 -0.5886012 -0.8082339
vn -0.4351365 0.8562779 -0.2782882
vn -0.3804002 -0.3761501 0.8448708
vn -0.3673349 -0.7214697 0.586981
vn 0.9917587 0.1249508 -0.02831823
vn 0.6131555 -0.4512599 0.6483864
vn 0.6959154 -0.4624746 0.5493807
vn 0.6115656 -0.5178789 0.5981546
vn 0.8744825 0.1358821 -0.4656356
vn -0.9088619 0.379737 -0.1725398
vn -0.5229698 0.2063324 0.8270003
vn -0.4330473 -0.7979745 0.419174
vn 0.2606325 -0.5702582 0.7790228
vn -0.8222032 0.5571347 -0.1165456
vn -0.1329279 -0.1317119 -0.9823351
vn 0.756958 0.5720919 0.3157934
vn -0.6693337 -0.6945648 0.2637655
vn 0.7575905 -0.05025459 0.6507927
vn -0.5050634 0.1531716 -0.8493819
vn 0.2319008 -0.8051546 -0.5458463
vn -0.007304353 -0.8569696 0.5153153
vn 0.715076 0.2027282 0.669005
vn -0.487101 0.0865806 -0.8690434
vn 0.4054512 0.8937902 0.1916992
vn -0.4977325 -0.3796893 0.7798066
vn -0.7736871 -0.4415893 0.4543205
vn 0.6998683 -0.5834044 -0.412097
vn 0.03805512 -0.9854734 0.1655115
vn 0.07564452 -0.9962494 0.04201347
vn -0.01769401 -0.9944134 0.1040625
vn 0.6209669 -0.2748235 -0.7340792
vn -0.2563815 0.9015377 0.3485663
vn -0.122395 0.03759317 0.9917693
vn -0.8806069 -0.3525938 0.3165581
vn -0.2654078 -0.8799006 0.3941239
vn -0.4853894 0.8711641 0.0739607
vn 0.3527368 0.8182918 -0.453845
vn 0.3718421 -0.3867742 0.8438834
vn -0.3489316 -0.3589894 -0.8656635
vn 0.137902 -0.9742167 0.1785633
vn 0.1079111 0.944681 -0.3097304
vn 0.4169576 0.04702332 -0.9077088
vn -0.1589393 -0.656099 -0.7377482
vn -0.04807174 -0.7083718 0.7042007
vn 0.1448285 0.9193036 -0.3659313
vn 0.08683702 0.1160337 0.9894421
vn -0.491284 -0.3847649 -0.7814065
vn -0.4914528 -0.3394399 -0.8020316
vn 0.8470589 -0.3052631 -0.4350928
vn -0.009454111 -0.4352444 -0.9002627
vn -0.06366612 -0.4837884 -0.8728662
vn -0.004556737 -0.4881043 -0.8727734
vn 0.9551834 0.1050491 -0.2767481
vn -0.400857 0.299612 0.8657635
vn -0.2989053 -0.9189179 0.2573821
vn -0.375714 -0.3280106 -0.8667457
vn -0.3636171 -0.3393524 -0.8675383
vn -0.1107503 -0.9136131 -0.3912103
vn -0.3990044 0.5604302 -0.7257503
vn 0.1485875 -0.8798959 0.451337
vn -0.005757025 0.8542359 -0.5198537
vn 0.2158689 -0.8292713 0.5154704
vn -0.4328771 0.6993082 -0.5688458
vn -0.08069894 0.9608398 -0.2650935
vn 0.2214586 -0.7295646 0.6470639
vn 0.3026825 -0.6235873 0.7207789
vn -0.4861531 -0.500743 -0.7161786
vn 0.1464443 -0.8864087 0.4391284
vn 0.2259533 0.8884592 -0.3994813
vn 0.08465844 0.8510392 -0.5182329
vn -0.5134513 0.479393 0.7117234
vn 0.1327377 0.9680383 -0.2127971
vn -0.1135292 0.9515234 -0.2858572
vn 0.1530944 0.9881275 -0.01288817
vn -0.7919464 0.3475769 0.5020072
vn 0.1904098 -0.9136208 0.3592229
vn 0.2221946 -0.8909967 0.3959223
vn 0.1943867 0.9346762 -0.2976477
vn 0.2274949 0.7108697 0.6655152
vn -0.01189648 0.9977404 -0.06612632
vn -0.1429001 0.9897147 0.006662236
vn -0.7155769 0.4268214 0.5529675
vn 0.9645586 0.263848 -0.003296472
vn 0.4575389 -0.3324805 0.8246908
vn -0.2734304 0.6125584 -0.7416253
vn -0.1598451 0.9790965 -0.1257766
vn -0.1552645 -0.9511284 -0.266923
vn 0.4699918 -0.3059529 0.8279496
vn -0.6228437 -0.07853122 -0.7783949
vn -0.7209641 0.5120178 0.4669566
vn 0.08186163 0.9887026 0.125562
vn 0.7104897 -0.04677898 -0.702151
vn -0.08773944 -0.9947945 -0.05182273
vn -0.33285 0.3829304 -0.861728
vn 0.2676294 0.5191249 0.8117166
vn 0.228429 -0.9568334 0.1796944
vn -0.3513863 0.9141236 -0.2022516
vn -0.1045233 -0.9743683 -0.1992014
vn 0.6914726 0.1632095 0.7037246
vn -0.1627191 -0.9540454 -0.2516343
vn -0.5763043 0.5947197 -0.5605193
vn 0.2678865 0.447226 0.8533614
vn -0.5762261 -0.6034102 -0.5512346
vn 0.6076902 0.5829179 0.5393694
vn 0.9992801 -0.0163033 -0.03425744
vn -0.7115382 0.647385 0.2731413
vn 0.8960738 -0.120879 -0.42713
vn 0.6674325 0.2683755 0.6946282
vn -0.388671 0.2631964 -0.8829851
vn 0.03903594 0.9583163 -0.2830303
vn 0.05501932 -0.9464396 0.3181587
vn 0.5543106 -0.01687005 0.832139
vn -0.6692714 -0.5726554 -0.473436
vn -0.7209682 0.6691414 0.1801516
vn -0.1717676 0.8940779 -0.4136673
vn 0.8498525 -0.215332 -0.4810228
vn 0.1019623 -0.8950171 0.4342213
vn -0.4117145 -0.2860004 0.8652716
vn 0.5347161 -0.7997986 0.2727655
vn 0.5587415 -0.7909418 0.2494377
vn 0.4073767 0.851539 0.3300388
vn 0.3566746 -0.9338262 -0.02741973
vn -0.6502446 -0.08413236 -0.7550522
vn 0.1122323 -0.968394 0.2227486
vn -0.7153692 0.6950637 -0.07164817
vn -0.4671021 -0.6591756 0.5893245
vn 0.5989693 0.1964381 0.776304
vn 0.1449655 0.2843888 -0.9476856
vn -0.6304265 -0.02013911 -0.7759877
vn -0.6869603 0.6741859 0.2712174
vn 0.6530465 -0.7552525 0.05589249
vn 0.4448265 0.2189447 0.8684427
vn -0.2690155 0.2077398 -0.9404653
vn 0.3067732 0.9221041 -0.235827
vn -0.3338557 -0.8895019 0.3119727
vn 0.381219 0.222149 0.8973973
vn -0.7475504 -0.4416455 -0.4961024
vn -0.5928223 0.4928692 0.6369001
vn -0.08687683 0.8644387 -0.4951749
vn 0.6839218 -0.7245266 0.08551285
vn -0.3088316 -0.920284 0.2402091
vn -0.3840124 0.7651494 0.5167987
vn 0.930696 -0.3477082 0.1135961
vn 0.3017753 0.6916375 0.6561778
vn 0.1537605 -0.4060186 -0.9008366
vn 0.1205123 0.2428535 -0.9625482
vn -0.2381569 -0.9493065 0.2051794
vn 0.3072546 0.6914008 0.6538804
vn -0.7427648 -0.617532 -0.2587561
vn -0.6903076 0.7226951 -0.03445433
vn 0.4081879 0.3537889 -0.8415558
vn 0.4313623 -0.9006084 0.05320838
vn -0.2814312 -0.8791159 0.3846452
vn 0.254868 -0.9663618 0.03445794
vn -0.324406 -0.5330233 0.781439
vn -0.3389024 -0.7121504 -0.6148065
vn 0.3004677 0.9173989 0.2609569
vn -0.2102099 0.9406395 -0.2664756
vn 0.3183721 -0.7720723 0.5500396
vn 0.6990086 0.6363033 -0.3263513
vn -0.1452148 0.9292502 0.3397157
vn -0.2849647 -0.9414033 -0.1804301
vn -0.3709537 0.7099457 -0.5986406
vn 0.2193607 0.9513455 0.2163855
vn 0.2001313 -0.83598 0.5109648
vn 0.2535174 -0.960503 0.1147295
vn -0.1181877 -0.6882873 0.715746
vn -0.1833345 -0.7780105 -0.6009061
vn 0.1130067 0.9511768 0.2872145
vn -0.07004834 0.9926316 -0.09887295
vn 0.397026 -0.6968516 0.5973009
vn 0.7319766 0.6662047 -0.1427638
vn -0.0394766 0.9620153 0.2701262
vn -0.146608 -0.9633982 -0.2244328
vn -0.1533591 0.8324518 -0.532452
vn 0.04796289 0.974977 0.2170703
vn 0.06701513 -0.9056953 0.418599
vn -0.3751835 -0.920819 -0.1064404
vn 0.4090581 -0.5845071 -0.7007303
vn 0.09167548 -0.7443737 0.6614405
vn -0.1030984 0.9470127 -0.3042002
vn 0.277578 0.904933 0.3225628
vn -0.2959974 -0.7267013 -0.619912
vn -0.6563309 0.733522 0.1765651
vn 0.3460917 0.8944194 -0.2832569
vn 0.102387 -0.9696967 0.2218226
vn 0.3273177 0.6584281 0.6777431
vn -0.02976724 0.969729 -0.2423626
vn -0.1994553 -0.8061844 -0.5570318
vn -0.1455871 0.4604591 0.8756608
vn 0.9137481 0.388315 0.1194823
vn -0.1272817 -0.9859158 0.1084871
vn -0.3979925 0.8443505 -0.358712
vn -0.4135436 -0.7623373 -0.4978187
vn 0.6677682 0.5410042 0.5112731
vn 0.6330754 0.3039242 -0.7119309
vn -0.4482807 0.3031603 -0.8409151
vn -0.4569804 -0.8505706 -0.2601896
vn 0.6953337 0.5616711 0.4483711
vn -0.1229486 -0.8128008 0.5694195
vn -0.8638836 0.4365737 -0.2512144
vn -0.6238459 0.7715801 -0.1244211
vn 0.6208383 -0.2294484 -0.7496088
vn -0.09281585 0.4013178 -0.9112241
vn 0.03668687 0.4010947 -0.9153017
vn -0.04865731 0.4663673 -0.883252
vn 0.8907872 -0.2396463 -0.3860931
vn -0.4558886 -0.2863502 0.8427154
vn -0.9876834 -0.127916 -0.09010588
vn -0.5260317 0.8500699 0.02591833
vn -0.4016192 0.5602401 -0.7244536
vn 0.4643431 0.685543 0.5607283
vn 0.2186267 0.6595392 -0.7191735
vn 0.5009441 -0.8647608 0.0352672
vn -0.8141024 0.4901696 0.3114021
vn -0.1960719 -0.978582 0.06271442
vn 0.3918462 0.865175 -0.3129359
vn -0.5210612 0.1932508 -0.831354
vn -0.9802722 -0.1793197 0.08313193
vn 0.02658183 -0.9811535 0.1913928
vn 0.3393889 0.8683077 -0.3617418
vn 0.8036132 -0.5405282 0.2490682
vn -0.6900794 0.03183544 0.7230331
vn -0.660859 0.4452792 0.6041456
vn -0.3111796 -0.2933023 -0.9039586
vn -0.9674005 -0.01251967 -0.2529417
vn -0.9284007 0.02459181 -0.3707662
vn -0.9597576 0.06826767 -0.2724061
vn 0.08192831 -0.0867039 -0.9928597
vn 0.6788715 -0.07624684 0.7302877
vn -0.338108 -0.4418819 0.8309172
vn -0.5407861 0.5992924 0.5902535
vn -0.9869193 0.1038239 0.1233324
vn 0.2459062 -0.9631002 -0.1093994
vn 0.04398759 -0.8089786 0.58619
vn -0.3775548 -0.6656351 -0.6437254
vn 0.1740313 0.9267597 0.332911
vn -0.04792789 0.995089 0.08660763
vn 0.5025514 -0.8006439 0.3262076
vn 0.8904942 0.4475186 0.08214149
vn 0.05555011 0.9321226 0.357857
vn -0.1497024 -0.9380378 -0.312529
vn -0.3442201 0.7798828 -0.5227765
vn 0.1311351 0.9416814 0.3099029
vn 0.1343129 -0.9622955 0.236532
vn 0.6677974 0.7045699 -0.2400581
vn -0.0815537 0.8839405 0.4604326
vn 0.252589 -0.9637637 -0.08578157
vn 0.1912976 -0.9616129 0.1967382
vn 0.1207763 0.771673 0.6244469
vn 0.7077025 -0.1576008 0.6887084
vn 0.6415196 0.6290327 -0.4390565
vn -0.09447332 0.7389994 -0.6670492
vn -0.2545217 0.9102602 -0.3265657
vn -0.2812747 -0.900353 -0.3320377
vn -0.2628089 -0.8942037 -0.3623965
vn -0.668632 0.4344026 -0.6035111
vn 0.304933 -0.9508319 -0.05417141
vn 0.1611218 -0.9838207 -0.07833638
vn 0.1015791 -0.7872578 0.6081998
vn -0.4717302 -0.662591 -0.5817593
vn 0.3306168 0.875819 0.3516157
vn -0.05574578 0.998404 -0.009051518
vn 0.5277387 -0.7911311 0.309198
vn 0.7403888 0.573966 -0.3498393
vn 0.147489 0.9012954 0.4073251
vn -0.3808216 -0.8759623 -0.2960828
vn 0.1109484 0.3137391 -0.9430049
vn 0.2356536 0.9216689 0.3082106
vn 0.1156799 -0.9635046 0.2414068
vn -0.2514711 0.9212087 -0.2968785
vn -0.2486178 0.9192505 -0.3052339
vn 0.9479308 0.2951686 -0.1195937
vn 0.1651277 -0.9834061 -0.07513529
vn 0.7542284 -0.4430178 -0.4846389
vn -0.5932722 -0.7423298 -0.3114074
vn -0.2104686 0.8728141 -0.4403392
vn -0.3451587 -0.861218 -0.3730536
vn -0.3316028 0.8828074 -0.3327022
vn -0.054619 0.9984648 -0.00920887
vn 0.9672551 0.1086111 -0.2293933
vn -0.1483607 -0.9886017 -0.02560824
vn -0.2320957 -0.9681944 -0.0934409
vn -0.1705644 -0.9317416 -0.3205705
vn -0.4440033 -0.6907079 -0.5707747
vn -0.2780176 0.8946176 -0.3498079
vn 0.5343738 0.0935325 0.8400573
vn -0.4548379 0.2489082 -0.8550832
vn -0.1592017 0.9637002 -0.2143286
vn -0.5629774 0.4876955 -0.6672404
vn 0.1104382 -0.7415727 0.66172
vn -0.09998029 0.9712738 0.2159424
vn -0.2144344 -0.9735353 -0.07903787
vn 0.5350301 0.08307341 0.8407388
vn -0.2064585 -0.9773903 -0.04564028
vn -0.2303272 -0.9709194 -0.06530568
vn -0.5679759 0.3952634 -0.7219213
vn 0.2046023 0.9782348 0.0345632
vn 0.4574271 0.5189744 0.7220984
vn -0.7475796 -0.438356 -0.4989676
vn -0.2822935 0.9097565 -0.3043906
vn 0.9563687 0.1410742 -0.2558455
vn -0.7119799 -0.5462207 -0.4412795
vn 0.4424251 0.5787466 0.6850638
vn -0.8375928 -0.4843169 0.2527358
vn 0.5670362 -0.5388989 -0.622943
vn -0.158309 0.804091 -0.573041
vn 0.8112 -0.4535692 0.3690931
vn -0.1542852 0.6135135 0.7744658
vn 0.5458209 -0.5629669 -0.6206028
vn 0.7681685 0.03088052 0.6395027
vn 0.8983729 0.05416459 0.4358813
vn -0.2287051 0.5835252 0.7792255
vn -0.6232681 -0.4757418 -0.6206502
vn -0.982114 -0.003494661 0.188255
vn -0.07173097 -0.005993624 0.9974061
vn 0.04799863 -0.7456297 0.6646296
vn 0.4365592 0.8269142 -0.354442
vn 0.8239567 0.373447 0.4261841
vn -0.1622916 -0.3241366 0.9319856
vn 0.9928566 0.1180373 0.01740675
vn 0.21671 0.8607352 -0.4606209
vn -0.4129527 0.2932656 0.8622444
vn -0.4165345 0.2908714 0.8613321
vn 0.8239099 0.3680504 0.4309425
vn 0.8167498 0.4042176 0.4117379
vn 0.4066567 0.9129521 0.03389373
vn 0.5144734 0.8223357 0.2430659
vn -0.8652083 -0.4780624 0.1512311
vn -0.7986511 -0.4865801 -0.3541134
vn 0.1583814 -0.7802209 -0.6051204
vn -0.5018688 -0.7979118 0.3338629
vn 0.04598003 -0.9350603 0.351494
vn 0.5500907 -0.5723229 -0.6081502
vn 0.2662227 -0.7738324 0.5747252
vn -0.08682644 -0.6809644 -0.727151
vn -0.08202963 -0.5427465 -0.8358812
vn -0.6335611 -0.6392165 -0.435893
vn -0.5349486 -0.8361893 0.1209025
vn -0.2575006 -0.6438985 -0.7204778
vn -0.626987 0.49842 -0.5987194
vn -0.6737685 0.132983 -0.726878
vn -0.6573513 -0.6455632 0.3887641
vn -0.500329 -0.8032532 0.3231954
vn -0.3240116 0.7356951 0.594785
vn 0.07071943 0.7589222 -0.6473298
vn 0.836848 -0.39804 0.3758319
vn -0.9803185 -0.1350854 -0.1439706
vn 0.4133392 -0.9026588 0.1198239
vn -0.1051222 0.964515 -0.2421985
vn -0.1152435 -0.03048743 -0.9928693
vn -0.6033846 -0.7315452 -0.3174407
vn 0.5126247 -0.7926566 0.3300175
vn -0.1220792 0.94333 -0.3085856
vn 0.7626491 0.006344731 0.6467813
vn -0.8022252 -0.4871518 0.3451348
vn -0.9741046 -0.123726 0.1892408
vn 0.3457794 -0.2831731 -0.8945667
vn -0.5485874 -0.541863 -0.6367389
vn -0.4931435 -0.4720611 -0.730731
vn -0.5824584 -0.4702664 -0.6630172
vn 0.5324283 0.1254622 -0.8371257
vn 0.1981622 0.2312442 0.9525009
vn -0.3284775 -0.6726127 0.6630949
vn -0.9761751 0.07141815 0.2048943
vn -0.7914898 -0.5162486 -0.3271565
vn -0.8551417 0.5099013 -0.09345262
vn 0.1464166 0.3725576 -0.9163859
vn 0.532213 0.364902 0.7639345
vn -0.5725157 -0.7575388 -0.3136252
vn 0.564328 -0.3410455 0.7518124
vn -0.2936232 0.5387511 -0.7896408
vn 0.5082189 -0.4149087 -0.7546949
vn 0.02281916 -0.9994143 0.02550278
vn 0.4721674 -0.1328729 0.8714372
vn -0.2591808 0.4916428 -0.831332
vn 0.1697977 0.6922936 0.7013547
vn -0.5986412 -0.736951 0.3138981
vn -0.7669057 -0.6378711 -0.07054165
vn 0.8773816 -0.272694 -0.3947653
vn 0.1781886 -0.9339179 -0.3099135
vn 0.247098 -0.8800499 -0.4055303
vn 0.1424427 -0.9129715 -0.3823521
vn 0.8262047 0.1524134 -0.5423616
vn -0.4996276 0.5960737 0.6285447
vn -0.3736533 -0.4681304 0.8007728
vn -0.8502355 -0.495917 -0.1765388
vn -0.1873537 -0.968161 -0.1660204
vn -0.1931937 0.2096146 0.9585083
vn 0.9307638 0.2602603 -0.2567945
vn -0.5144041 0.5639429 -0.6460316
vn 0.6876068 -0.7209556 -0.08613977
vn -0.8000931 -0.599875 -0.001035578
vn 0.9360922 0.2692379 -0.2263676
vn 0.2101861 -0.9395124 -0.2704408
vn 0.3322071 -0.829392 -0.449163
vn -0.8214409 -0.5661378 0.06872386
vn 0.2026788 0.8563355 0.4749852
vn -0.6184199 0.3315305 0.7124918
vn -0.3562042 -0.8256776 0.4374643
vn 0.3778753 -0.5883711 0.7148635
vn -0.2621203 0.0754351 -0.9620824
vn 0.05151101 -0.7878866 -0.6136623
vn -0.1464731 -0.719282 0.6791017
vn 0.4720414 -0.5161948 -0.7146468
vn -0.3791559 0.2773439 -0.8827916
vn -0.7338639 -0.541245 0.4104846
vn -0.7338067 -0.5386221 0.4140217
vn 0.05403756 -0.7919018 -0.6082528
vn 0.02877087 -0.7721934 -0.6347358
vn -0.4687267 -0.2462401 -0.8483284
vn -0.4057467 -0.4800072 -0.7777935
vn -0.1817867 0.3112013 0.9327955
vn 0.07393866 0.7156341 0.6945509
vn 0.8741379 0.4537382 0.1732183
vn 0.2641903 -0.05880781 0.962676
vn 0.620293 -0.3142181 0.718682
vn 0.9416088 0.2564564 -0.218181
vn 0.5526031 -0.6201039 0.5568671
vn 0.6982507 0.6812178 0.2199734
vn 0.6293358 0.7757761 0.04591164
vn 0.2384605 0.7068986 0.6659062
vn 0.3691182 0.2886003 0.8834374
vn 0.5649979 0.7636545 0.3124248
vn -0.2814915 0.9583867 0.04751291
vn -0.2521293 0.9652997 0.0680236
vn -0.05935666 -0.03173358 0.9977324
vn 0.2410435 -0.08297331 0.966961
vn -0.01954685 0.7701429 0.6375719
vn 0.150254 -0.9195433 -0.3631309
vn 0.904825 -0.1912477 0.3804156
vn -0.6387761 0.5334214 -0.5544609
vn 0.478213 0.7863861 -0.3910363
vn -0.4384194 -0.7682708 0.466421
vn 0.879293 -0.1742005 0.443281
vn -0.9947037 -0.004765676 0.1026738
vn 0.1775854 0.4759838 0.8613378
vn 0.03214679 0.9405605 -0.3381016
vn 0.2020977 -0.9105886 -0.3605343
vn -0.4762911 -0.7852213 0.3956948
vn 0.0719312 0.4094973 0.9094712
vn 0.7903185 0.2222906 -0.5709498
vn 0.07164634 -0.9974285 0.001792423
vn -0.1076444 0.6974477 -0.7085051
vn -0.9744664 -0.1438225 0.1724251
vn 0.8017852 0.2405369 -0.547067
vn -0.5900906 0.4208077 -0.6889949
vn -0.4342359 0.3166362 -0.8433153
vn -0.9598699 -0.1275367 0.2497686
vn 0.8018032 -0.01332298 0.5974396
vn -0.1198487 -0.0517322 0.9914434
vn -0.8422606 0.5063071 0.185068
vn -0.1758922 0.978125 0.1110564
vn -0.1494948 -0.8127227 -0.5631457
vn -0.5905916 0.03069526 -0.8063866
vn -0.6161689 0.7272747 0.3023368
vn -0.1155649 0.06234371 -0.9913415
vn -0.06834432 -0.9296929 -0.3619395
vn -0.8709785 0.1316997 0.4733409
vn -0.8688062 0.1327 0.4770392
vn -0.591805 0.03768667 -0.8051997
vn -0.5941682 -0.003807881 -0.8043317
vn -0.5237129 -0.6904883 -0.4989497
vn -0.6582714 -0.4899473 -0.571516
vn 0.1556743 0.3473083 0.9247391
vn 0.6198561 0.12929 0.7739914
vn 0.9177557 0.3721448 -0.1386821
vn 0.1635209 0.805792 0.569175
vn 0.1898674 0.976865 0.09841386
vn 0.7959374 0.2554884 -0.5488256
vn -0.0931745 0.989387 -0.1114988
vn 0.9790481 0.1878936 0.07849202
vn 0.9997212 -0.01247092 0.02005249
vn 0.7185132 0.2074129 0.6638666
vn 0.4929036 0.635866 0.5939026
vn 0.9592287 0.1313274 0.2502668
vn 0.5496763 -0.6157703 0.5645201
vn 0.5747324 -0.5894455 0.5676591
vn -0.0237887 0.63324 0.7735899
vn 0.1303098 0.8079172 0.574708
vn -0.2318594 -0.3910457 -0.8906876
vn 0.5358861 0.4474087 0.715997
vn 0.2406989 -0.8900605 0.3871129
vn -0.320684 0.5190578 -0.792301
vn -0.2348926 -0.9708945 -0.04679187
vn 0.6094152 0.440863 0.6589787
vn 0.1880735 -0.8980272 0.3977126
vn -0.5395526 0.4483772 -0.7126296
vn -0.6645201 -0.1436995 -0.7333237
vn 0.587035 0.2002871 0.7843947
vn 0.1724077 0.943659 0.2824593
vn -0.7923514 0.308945 -0.5260536
vn 0.4797184 0.5412607 -0.6905847
vn -0.2354844 0.7910154 0.5646608
vn -0.09429793 -0.8064721 -0.5837042
vn 0.1738726 -0.3214142 0.930839
vn 0.01027368 0.5792669 -0.8150732
vn 0.9135855 -0.1580924 -0.3746576
vn 0.1493232 -0.9794067 0.1358867
vn 0.4330086 -0.5125563 0.741478
vn 0.07272433 0.5487805 -0.8327972
vn -0.401594 0.8184827 0.410863
vn -0.4193787 -0.8885302 0.1861067
vn -0.4096352 -0.7759817 -0.4796368
vn 0.9958137 -0.05247743 0.07484253
vn 0.5648321 -0.8045622 -0.1834243
vn 0.6542969 -0.7214919 -0.2265945
vn 0.5665995 -0.7807633 -0.2633888
vn 0.8794305 0.4606578 -0.1199848
vn -0.9236777 0.3653642 0.1154496
vn -0.6260206 -0.6682248 0.4019627
vn -0.9117624 0.1232501 -0.3917892
vn 0.420255 -0.9054849 0.05901674
vn -0.9226024 -0.3542499 0.1526819
vn 0.6995118 -0.6834416 0.2087843
vn 0.212217 0.1660809 -0.9630063
vn 0.5062308 0.086018 0.8580976
vn -0.384941 0.922938 -0.00244401
vn 0.676272 -0.7035982 0.2181874
vn 0.4182546 0.6049821 0.6775395
vn 0.6247093 0.5137006 0.5880901
vn -0.4575917 0.8891204 -0.008648274
vn -0.3572053 -0.8826588 -0.3054796
vn -0.9589567 -0.08085837 -0.2717796
vn -0.4904487 0.6419642 0.5893574
vn -0.341977 -0.08611661 0.9357541
vn 0.6539752 0.450433 -0.6078047
vn 0.6057101 0.7216491 0.3351683
vn -0.5867658 0.3509243 0.7297658
vn 0.8963982 0.3018288 0.3246071
vn 0.5072876 0.3589228 -0.7834754
vn -0.6972147 0.6971596 0.1669139
vn -0.7003536 0.6940912 0.1665603
vn 0.6029048 0.7209099 0.3417526
vn 0.6096117 0.7327268 0.3024649
vn 0.4732695 0.7635659 -0.4392985
vn 0.4681232 0.8593004 -0.2060667
vn -0.9033826 -0.422313 0.07450932
vn -0.5989068 -0.7802824 -0.1801944
vn 0.2936973 -0.9298119 0.2217924
vn -0.6547257 -0.4633766 0.5971738
vn -0.2359497 -0.4304123 0.8712479
vn 0.6735051 -0.7011943 0.2339176
vn -0.1123294 -0.1208699 0.9862924
vn 0.139992 -0.9899843 -0.0182598
vn 0.2398853 -0.9503201 -0.1983601
vn -0.4846883 -0.8693361 -0.09660194
vn -0.5603317 -0.7412838 0.3694954
vn -0.01657717 -0.9937004 -0.1108367
vn -0.27259 -0.4948215 -0.8251342
vn -0.2742947 -0.525451 -0.8053966
vn -0.4542628 -0.4766184 -0.7526488
vn -0.6688973 -0.4335018 0.6038648
vn -0.3142293 0.9484765 -0.04064799
vn 0.5970533 -0.491865 0.6337162
vn -0.8653291 -0.3734453 0.3342815
vn -0.4292884 -0.4286598 -0.7949606
vn 0.5282915 -0.5584966 0.639523
vn -0.1976602 0.9800638 -0.02013605
vn -0.7490154 -0.5339949 -0.392206
vn 0.4969362 -0.8498836 -0.1753636
vn 0.1851639 0.7985181 -0.5727854
vn -0.3999125 -0.3186155 0.8593918
vn 0.2207676 0.9688466 0.1122404
vn 0.04239139 -0.9457775 -0.3220374
vn 0.7664876 -0.3783396 0.5189951
vn 0.01270333 0.2704701 0.9626446
vn 0.08835476 0.9903058 -0.1071812
vn 0.09062447 -0.9584466 -0.2704948
vn -0.1233759 0.525113 -0.842042
vn -0.6726519 0.2259481 0.7046183
vn -0.6749495 -0.2052141 0.7087528
vn 0.9624948 0.05050981 0.2665568
vn 0.2881662 0.01546706 0.9574555
vn 0.3891529 -0.05611945 0.9194621
vn 0.2840195 -0.06787276 0.9564132
vn 0.9732167 -0.2024113 -0.1089906
vn -0.7089382 0.2258437 -0.6681327
vn -0.6595615 0.6822898 0.315372
vn -0.7097072 -0.3657026 0.6021439
vn -0.1044057 0.01142715 0.9944692
vn 0.0183755 0.2159161 -0.976239
vn -0.2775033 -0.4066461 0.87042
vn -0.9936834 0.07769345 -0.08097624
vn 0.9239368 0.3813474 0.03024789
vn -0.04583485 0.9894494 -0.137438
vn -0.01105 -0.9973512 0.07189251
vn -0.9886711 0.04567722 -0.1429793
vn 0.8402625 -0.5112618 -0.1804723
vn -0.3245593 -0.02265952 -0.945594
vn 0.375342 0.8694618 -0.3211769
vn -0.321552 -0.3778419 0.8682395
vn 0.04280769 -0.9901505 0.1333032
vn 0.2005357 0.6280107 -0.7519229
vn -0.7418044 0.440832 -0.5053647
vn 0.3052631 0.271 0.9128929
vn -0.1532734 -0.8590332 -0.4884354
vn 0.1959666 -0.7698839 0.6073515
vn -0.5000525 0.5762359 -0.6464516
vn -0.8658112 -0.4175649 -0.2757001
vn -0.1269902 -0.9844375 -0.1214759
vn 0.7084388 -0.1057123 0.6978104
vn -0.5551714 0.5304846 -0.6406021
vn 0.485141 0.6933743 0.5327949
vn -0.08476561 -0.4856066 -0.8700581
vn 0.004053175 -0.8043587 -0.5941302
vn -0.8319805 -0.3277375 0.447657
vn -0.4129565 -0.8746376 -0.2539215
vn -0.3430013 -0.907122 -0.2438847
vn -0.3874357 -0.8986983 -0.2055114
vn -0.9244113 0.1080076 0.3657845
vn 0.7425219 0.6667697 0.06387065
vn 0.5202222 -0.7065983 0.4796745
vn -0.2499033 -0.8712064 -0.4225492
vn -0.1490488 -0.5198221 -0.8411714
vn -0.1166061 -0.176126 -0.9774368
vn -0.9138291 0.1187268 -0.3883559
vn 0.3160687 0.9053763 -0.2835391
vn -0.075482 -0.9825296 0.1701124
vn 0.5001555 0.8292767 0.2492881
vn -0.7562489 -0.04314665 -0.6528599
vn -0.7710364 0.1490126 0.6191107
vn -0.1344631 -0.6865126 0.7145768
vn -0.1639854 0.7177068 0.6767613
vn -0.6543035 0.002586234 -0.7562277
vn 0.3468941 0.8028435 -0.4848782
vn 0.7712488 -0.3588981 0.5257067
vn 0.2482075 -0.9667015 -0.06229956
vn -0.7324046 0.2128585 0.6467416
vn -0.1345266 0.7762561 -0.615897
vn -0.6509622 -0.1099345 0.7511077
vn -0.979987 -0.1863346 0.07003581
vn -0.8625141 0.4635609 0.2029307
vn 0.233274 0.8909891 -0.3895149
vn 0.8803458 0.1822324 0.4379301
vn -0.1129339 -0.7065269 0.698617
vn -0.1163613 -0.7040325 0.7005699
vn -0.808396 0.3647593 -0.4620029
vn 0.5563223 -0.6433835 -0.5258929
vn -0.6507534 -0.7546798 0.08353752
vn -0.1991791 0.7718452 -0.6038068
vn 0.5775399 -0.3281775 0.7474939
vn 0.004418138 0.9994255 0.03360629
vn -0.3182143 -0.9366891 -0.1461273
vn -0.6255738 -0.1700083 0.7614163
vn 0.3267489 0.3420409 0.8810467
vn 0.06639595 0.9744133 -0.2147333
vn -0.3415384 -0.9346436 -0.09895837
vn -0.04127782 0.4179269 -0.9075424
vn 0.8922869 0.1316348 0.4318524
vn 0.8557755 -0.2728412 0.4395521
vn -0.8116833 0.2778215 0.5137952
vn 0.02204581 0.1626896 0.986431
vn -0.1064559 0.104226 0.9888398
vn 0.008957281 0.07077209 0.9974524
vn -0.9808159 0.004302423 0.1948886
vn 0.5021939 0.01610861 -0.8646051
vn 0.8001623 0.5993241 0.02346982
vn 0.7775522 -0.4526345 0.4365027
vn 0.4060413 0.06820964 0.9113056
vn 0.4262857 0.2030452 -0.8815063
vn -0.8336421 -0.5441675 0.09445968
vn -0.5400542 0.7841611 0.3056681
vn 0.5448251 -0.8018572 0.2453382
vn -0.1889908 0.496273 0.8473462
vn -0.01810384 0.2425332 -0.9699742
vn -0.304473 -0.9027152 0.3039761
vn 0.5214279 -0.3660792 0.7707782
vn -0.2085033 0.6962625 0.6868369
vn -0.1565467 -0.5433186 -0.8248018
vn -0.422195 0.892269 -0.160023
vn 0.9357238 0.06593098 0.3465169
vn 0.972604 -0.2298301 0.03492545
vn -0.6358818 -0.5606726 0.5303779
vn 0.3329168 -0.9117637 0.2405275
vn 0.9882019 0.08282265 -0.1288315
vn 0.3221847 -0.7188733 0.6159695
vn -0.8409311 -0.5257705 0.1280635
vn 0.1777924 0.8597099 -0.4788412
vn 0.6672016 0.5919142 0.4521943
vn 0.8457189 -0.1361189 -0.515976
vn 0.270029 -0.7825618 0.5609648
vn 0.6593813 0.6925688 0.2925145
vn -0.9325095 0.2362321 0.2731674
vn -0.2166675 -0.2228437 -0.9504715
vn -0.4008355 -0.4777009 0.7817498
vn 0.7945228 -0.5912474 -0.1384199
vn -0.9209843 0.2623088 0.288066
vn -0.08688986 -0.8523255 0.5157437
vn -0.3132156 -0.8478096 0.4279192
vn 0.8139969 -0.5647883 -0.1357325
vn -0.09047208 0.9903573 -0.104915
vn 0.7739599 0.5942103 -0.2188612
vn 0.7366963 -0.4569842 0.4984417
vn 0.2750347 0.0383476 0.9606692
vn -0.3817013 -0.5624011 -0.7334912
vn -0.203899 -0.9684623 0.1431993
vn 0.6905279 -0.1892251 0.6981155
vn -0.6547371 -0.7324314 0.1867185
vn -0.295241 -0.3809735 -0.8761804
vn 0.9155626 -0.4003055 0.03873854
vn 0.9518914 -0.3027295 0.04751539
vn -0.2016705 -0.9678968 0.1500162
vn -0.2026601 -0.9731868 0.1087952
vn -0.07571701 -0.7874445 -0.6117173
vn -0.02464753 -0.9158421 -0.4007815
vn 0.5739967 0.813746 0.09135211
vn 0.214436 0.9767049 -0.008052285
vn -0.684574 0.6305977 0.365657
vn 0.3763199 0.5761524 0.7255563
vn 0.02231694 0.3029442 0.952747
vn -0.9172468 0.2582624 0.3032472
vn 0.05557635 -0.04523546 0.9974293
vn -0.5782439 0.8010637 0.1546969
vn -0.6508802 0.7582615 -0.03734419
vn 0.03135748 0.9936857 0.107729
vn 0.162518 0.8215346 0.5465062
vn -0.4418327 0.8937144 0.07783651
vn -0.09853643 0.8182716 -0.5663235
vn -0.05665103 0.7329372 -0.6779335
vn 0.6393944 0.5537968 0.5333703
vn 0.4026782 0.5552117 0.7277295
vn 0.1320607 -0.8463271 -0.5160335
vn -0.6041446 -0.43756 0.665996
vn -0.364738 0.7409835 -0.5638347
vn 0.07973678 -0.12861 0.9884845
vn 0.9520194 0.2649951 -0.1530903
vn -0.6166537 -0.2200064 0.7558674
vn 0.5930851 0.2250067 0.7730603
vn 0.4260358 0.3469224 0.8355468
vn 0.9452023 0.3224912 -0.05091349
vn -0.713526 -0.5517488 -0.4318031
vn 0.2033601 -0.1718022 -0.9639133
vn 0.965277 0.00617999 0.2611556
vn 0.4222281 -0.744558 0.5170656
vn 0.7061463 0.6781926 0.2035001
vn 0.6380296 0.08792191 0.7649758
vn -0.7677331 0.622621 0.1514237
vn 0.7412843 0.0862672 0.6656243
vn -0.3063373 0.9434779 -0.126519
vn 0.7869059 -0.2364311 -0.569982
vn 0.9721376 0.1308385 -0.1944988
vn 0.5098943 0.6315974 0.5840313
vn 0.5146189 0.6065686 0.6060051
vn 0.5743824 -0.02125928 0.8183111
vn -0.1574721 0.987506 -0.005865476
vn 0.03589926 -0.8302757 -0.5561957
vn -0.4829874 -0.7091727 -0.5136119
vn -0.6772709 0.03232369 0.7350234
vn 0.1255973 -0.9920618 -0.006219561
vn 0.04692098 -0.5273207 0.8483699
vn -0.7379867 -0.1214249 0.663801
vn 0.1676433 -0.4615443 0.871133
vn -0.3055305 0.1188662 0.9447339
vn -0.9557454 -0.2875468 0.06218933
vn -0.5651775 -0.7370082 -0.3706662
vn -0.2346994 -0.9675895 -0.09320261
vn -0.8548984 -0.5162746 -0.05108002
vn -0.647027 0.008531087 -0.7624195
vn -0.6631524 -0.02090945 -0.7481923
vn 0.2759548 -0.9179004 -0.2851451
vn 0.1868863 -0.982219 -0.01786987
vn 0.1917203 -0.4773983 -0.8575163
vn -0.6631701 -0.02091098 -0.7481766
vn -0.00438766 0.6740504 -0.7386724
vn 0.6785097 -0.4177695 -0.6042295
vn -0.006958218 0.05995832 -0.9981767
vn 0.6197047 0.3040607 0.7235422
vn -0.2803412 -0.07446926 0.9570073
vn -0.7811307 -0.3718581 -0.5015541
vn -0.0274822 0.8645349 0.5018207
vn -0.3324829 0.6116553 -0.7178671
vn -0.3154567 -0.05805762 0.9471623
vn -0.2084738 0.9759156 0.06424668
vn -0.4098514 0.9111193 -0.04340045
vn -0.04096749 0.4869064 -0.8724929
vn -0.2722591 0.07971641 0.9589162
vn 0.4123955 -0.5778497 -0.7042868
vn 0.2163483 0.8915802 -0.3978419
vn 0.8205494 0.4860432 0.3007672
vn -0.9098921 -0.1418318 -0.3898463
vn -0.4535723 0.8826417 -0.1233532
vn 0.8098574 0.5484452 -0.2081796
vn -0.5498059 0.8308058 0.08646023
vn -0.8973171 -0.05841504 -0.4375041
vn 0.6478779 0.02500175 -0.7613339
vn 0.1145171 0.5904294 -0.7989237
vn -0.4476143 0.8859888 -0.1211008
vn -0.4762109 0.8673256 -0.1448088
vn -0.8853061 0.1320262 -0.4458725
vn -0.8999135 -0.09146274 -0.4263687
vn 0.8633993 -0.5012566 -0.0573005
vn 0.5410503 -0.8056229 0.2413221
vn 0.09376201 -0.03267615 0.9950582
vn 0.9338229 -0.08756193 0.3468539
vn 0.4162314 0.5227439 0.7439692
vn -0.3837417 -0.1394199 0.9128551
vn 0.4025366 0.6582454 0.6361426
vn 0.2655457 -0.7763521 0.5716317
vn 0.05153145 -0.7233545 0.6885512
vn 0.5072374 -0.7635651 0.399598
vn 0.7780561 -0.4108005 0.4752594
vn 0.123377 -0.7302849 0.6719093
vn -0.1237996 -0.9851764 -0.1187477
vn -0.1063158 -0.9905015 -0.08720035
vn 0.9975797 -0.06181133 0.03184466
vn 0.9824427 0.02518492 0.1848566
vn 0.6631169 -0.5565773 -0.5004976
vn -0.1063285 -0.9905024 -0.08717383
vn -0.6210934 -0.2983901 -0.7247113
vn 0.7487895 -0.05454047 -0.6605601
vn 0.1268886 -0.7100273 -0.6926475
vt -0.06597079 -0.1967302
vt -0.08334914 -0.2184766
vt -0.03721371 -0.2561702
vt -0.13277 0.2207053
vt -0.1173099 0.2448041
vt -0.1649185 0.2550411
vt 0.262418 -0.07003784
vt 0.3091002 -0.06427231
vt 0.2690355 -0.003223087
vt -0.2923226 -0.008422475
vt -0.3077099 -0.0453048
vt -0.2818431 -0.04988887
vt 0.01310501 0.1705704
vt -2.600393E-05 0.1584561
vt 0.01402115 0.1579852
vt 0.03954112 -0.1037379
vt 0.09343635 -0.1647363
vt 0.0952641 -0.1248147
vt 0.2330114 -0.0246296
vt 0.2076086 -0.01324504
vt 0.2002367 -0.0208667
vt 0.2193466 -0.09036601
vt -0.2803261 -0.0563499
vt -0.2457115 -0.0003748994
vt -0.2917668 -0.01513835
vt -0.1267664 0.2370694
vt -0.1388664 0.2603866
vt -0.1747175 0.2455582
vt -0.1494984 -0.09059554
vt -0.168312 -0.1536623
vt -0.1400205 -0.1580614
vt -0.05091119 -0.1533458
vt -0.04688507 -0.2262565
vt -0.0082544 -0.2226704
vt -0.2703389 -0.09846421
vt -0.2288726 -0.07357264
vt -0.229332 -0.05735201
vt -0.007365574 -0.07194476
vt -0.02000901 -0.08211645
vt 0.005158433 -0.1454258
vt 0.006662548 -0.07336278
vt 0.00668388 -0.07234107
vt 0.2076084 -0.0132451
vt 0.1999655 -0.01988139
vt 0.2002365 -0.02086676
vt 0.181836 -0.1136573
vt 0.1322436 -0.07586639
vt 0.1251663 -0.0797659
vt -0.2369877 -0.0323332
vt -0.247096 -0.01760221
vt -0.281538 -0.06957631
vt 0.02341812 0.1661693
vt 0.0166491 0.1705824
vt 0.01745595 0.1579898
vt -0.2671982 -0.007599004
vt -0.275455 -0.03813026
vt -0.254666 -0.04357895
vt 0.2884071 0.01634953
vt 0.2664672 0.01334375
vt 0.3029119 -0.01784557
vt 0.1383212 -0.0661349
vt 0.107568 -0.06058266
vt 0.1219793 -0.09481727
vt -0.1655403 0.03137995
vt -0.1261408 0.02228813
vt -0.1178398 0.05713471
vt -0.2885229 0.0962964
vt -0.2465011 0.105958
vt -0.2654663 0.1173909
vt 0.2505118 0.1788042
vt 0.2311579 0.1891536
vt 0.2428 0.1587443
vt 0.1040739 -0.08749937
vt 0.1258318 -0.09037657
vt 0.1209493 -0.05912766
vt -0.2209117 -0.1330018
vt -0.2202163 -0.1502942
vt -0.1824971 -0.1456235
vt -0.1764686 -0.02448872
vt -0.1643191 -0.01216386
vt -0.1905801 0.01090169
vt -0.2703342 0.1159349
vt -0.2657507 0.08128454
vt -0.2273692 0.1195665
vt 0.2671281 0.01705819
vt 0.2656223 -0.01873179
vt 0.3038923 -0.01375396
vt 0.2808396 0.1124334
vt 0.2473504 0.09325422
vt 0.2829493 0.07994007
vt -0.2418243 0.08591665
vt -0.2296279 0.05592482
vt -0.2093479 0.07016818
vt -0.1020417 0.2417875
vt -0.1174082 0.2230914
vt -0.08375111 0.2247448
vt 0.2620632 -0.00711861
vt 0.239771 0.04286842
vt 0.216377 0.03405237
vt -0.234984 0.02001461
vt -0.2349046 0.0200853
vt -0.2418651 0.02292536
vt -0.2419362 0.02271444
vt -0.1627818 -0.1041568
vt -0.1379025 -0.0600851
vt -0.1596718 -0.04951274
vt 0.1098938 -0.1190131
vt 0.1149468 -0.04777939
vt 0.08873022 -0.1061192
vt 0.2261412 0.04428542
vt 0.2516828 -0.02240337
vt 0.2717373 0.003014726
vt -0.2062247 -0.04510383
vt -0.1984609 -0.04998766
vt -0.1984408 -0.03755084
vt 0.03529542 0.2347805
vt 0.042878 0.2396463
vt 0.04674431 0.2513765
vt 0.02645533 0.2697746
vt -0.1910945 -0.08185442
vt -0.1647388 -0.08930485
vt -0.1588188 -0.07822291
vt -0.1588493 -0.07800246
vt -0.1642598 -0.03894528
vt -0.1144721 0.2061033
vt -0.09576292 0.185529
vt -0.08080021 0.2074217
vt 0.1942175 -0.04676931
vt 0.1731754 -0.06290634
vt 0.1781457 -0.1086768
vt -0.1806104 -0.05313588
vt -0.1718 -0.05501922
vt -0.1508166 -0.01403957
vt -0.1807253 -0.04062995
vt -0.1808047 -0.04070057
vt -0.2349051 0.0200844
vt -0.2050198 0.04670111
vt -0.2292811 0.06029246
vt -0.2418656 0.02292446
vt -0.2371089 -0.03122986
vt -0.2298106 -0.03089
vt -0.2302044 -0.020733
vt -0.2463496 0.01023184
vt -0.247257 0.0001077799
vt -0.2393838 0.007567619
vt -0.239161 0.09599324
vt -0.2409739 0.1049844
vt -0.2482527 0.104353
vt -0.2920374 0.03182419
vt -0.3008805 -0.007896582
vt -0.2708298 -0.01700019
vt 0.1997125 0.1845876
vt 0.1792408 0.1765308
vt 0.2230618 0.1664408
vt 0.06025333 -0.1984781
vt 0.02199226 -0.1633218
vt -0.005166937 -0.1750213
vt -0.2630805 0.003754608
vt -0.2168591 0.04069339
vt -0.2322744 0.05564672
vt -0.2987783 -0.08838692
vt -0.2615238 -0.04639401
vt -0.2822843 -0.03911395
vt 0.3170052 -0.03547624
vt 0.2895423 0.03547516
vt 0.287506 -0.0462334
vt 0.03887308 -0.06110463
vt 0.08972496 -0.1176944
vt 0.1056798 -0.08025934
vt -0.1525511 -0.1343233
vt -0.1363394 -0.1562736
vt -0.1070043 -0.09655572
vt -0.190116 0.06029307
vt -0.1762463 0.08379339
vt -0.1993348 0.1127201
vt -0.3088112 0.01350534
vt -0.2845723 -0.01446455
vt -0.2595692 0.04045949
vt 0.1639851 0.1599732
vt 0.15683 0.1397237
vt 0.2083251 0.1524858
vt 0.2575766 -0.07065035
vt 0.2055393 -0.08098099
vt 0.2236395 -0.1450056
vt -0.04467567 0.1406753
vt -0.03343594 0.1111117
vt -0.0134077 0.1189053
vt 0.09468982 0.07389928
vt 0.07672109 0.08684216
vt 0.08163273 0.03912561
vt 0.2952393 0.01854132
vt 0.2736304 0.04111657
vt 0.2651549 0.004952221
vt -0.2680668 -0.07118492
vt -0.2345981 -0.04849508
vt -0.2544891 -0.01870354
vt 0.1063563 -0.1588129
vt 0.1058387 -0.1156978
vt 0.0906391 -0.1318027
vt -0.1018981 -0.1875567
vt -0.08989036 -0.1691856
vt -0.1212039 -0.1781146
vt 0.2644395 0.00917987
vt 0.2807834 -0.005468016
vt 0.2943769 0.02308983
vt -0.2957824 0.0005499054
vt -0.2828993 -0.01100607
vt -0.2599543 0.01929365
vt 0.0809528 0.1864478
vt 0.08761814 0.2024192
vt 0.05464157 0.2140038
vt -0.06316438 -0.1475652
vt -0.02960677 -0.1573398
vt -0.04916664 -0.1067823
vt 0.09044825 0.08740563
vt 0.06422572 0.06300135
vt 0.09495072 0.03964874
vt -0.09696537 -0.1524697
vt -0.1222595 -0.1233222
vt -0.1284371 -0.160824
vt -0.3015805 -0.01932278
vt -0.2843274 -0.04583054
vt -0.2664073 -0.03396713
vt 0.311079 -0.03412784
vt 0.2960678 -0.0178473
vt 0.2913196 -0.06558038
vt 0.1247692 0.08030011
vt 0.1063869 0.1055721
vt 0.09313275 0.07087313
vt -0.2176378 0.06792033
vt -0.216909 0.0687244
vt -0.2255446 0.06899267
vt -0.19712 -0.1584725
vt -0.2026543 -0.115711
vt -0.2158753 -0.1334761
vt 0.1956131 -0.1799196
vt 0.2098813 -0.1632431
vt 0.1776801 -0.1680756
vt 0.08661536 0.09022956
vt 0.1008625 0.07353517
vt 0.1181388 0.1000279
vt -0.2071261 -0.04163418
vt -0.204036 -0.04742762
vt -0.2015308 -0.0355017
vt -0.2438149 0.0528005
vt -0.2424245 0.06106086
vt -0.2487057 0.0707183
vt -0.2756861 0.07367726
vt -0.2899678 -0.09783397
vt -0.2628977 -0.09981017
vt -0.2616876 -0.09033056
vt -0.2848033 -0.05502619
vt 0.2961014 -0.02147117
vt 0.2654546 -0.04001751
vt 0.290774 -0.06914308
vt 0.2071009 -0.1529382
vt 0.1853897 -0.1210322
vt 0.174868 -0.157554
vt -0.07741416 -0.07270519
vt -0.07063361 -0.07762362
vt -0.05094488 -0.04511354
vt -0.07374765 -0.06023633
vt -0.07465205 -0.06083614
vt -0.2169091 0.06872583
vt -0.1985334 0.08899888
vt -0.2249039 0.1132432
vt -0.225515 0.07104881
vt -0.2255447 0.06899409
vt -0.2628978 -0.09980999
vt -0.260562 -0.09204958
vt -0.2616877 -0.09033038
vt -0.2357353 -0.01653758
vt -0.2332257 -0.02364274
vt -0.2277988 -0.0173609
vt -0.2553829 -0.07500651
vt -0.2584767 -0.06921509
vt -0.2653508 -0.06923068
vt -0.265407 -0.04406936
vt -0.2585329 -0.04405364
vt -0.2613387 -0.03706016
vt 0.3311639 0.09733002
vt 0.343468 0.09114669
vt 0.3436348 0.09139539
vt -0.2264039 0.01094589
vt -0.2487855 0.02674645
vt -0.2540769 -0.02089621
vt -0.2177729 -0.2144834
vt -0.2258509 -0.1871702
vt -0.2869876 -0.1936883
vt -0.3429448 0.05209621
vt -0.3804082 0.03477725
vt -0.3596659 0.009211848
vt 0.1817222 0.04665833
vt 0.1679124 0.1038063
vt 0.1560161 0.05892464
vt -0.2686451 0.0177347
vt -0.245049 -0.02363921
vt -0.2400995 0.02404018
vt -0.1954819 0.2727511
vt -0.167361 0.2720186
vt -0.1862819 0.2985572
vt -0.2467463 0.2219751
vt -0.2316006 0.2026818
vt -0.2276939 0.2347298
vt 0.1895562 0.09742941
vt 0.1658015 0.07556509
vt 0.1774842 0.05259468
vt 0.09420518 0.2502382
vt 0.09410025 0.2499577
vt 0.1274946 0.1962609
vt 0.3579452 0.07287847
vt 0.3468555 0.08807878
vt 0.3276134 0.05624887
vt 0.2922017 0.1891765
vt 0.2714438 0.2061854
vt 0.2642927 0.1875269
vt 0.2958442 -0.1221017
vt 0.3250217 -0.1128926
vt 0.2972784 -0.0953036
vt -0.2421233 -0.05765677
vt -0.2446562 -0.03201092
vt -0.2599194 -0.03736983
vt -0.1944211 0.2073275
vt -0.2262912 0.2160066
vt -0.1965623 0.1865016
vt 0.3380263 0.1478218
vt 0.3135921 0.1262516
vt 0.314392 0.1132417
vt -0.3160173 0.126073
vt -0.311857 0.1055548
vt -0.2966379 0.1110376
vt -0.2993602 -0.1138936
vt -0.2379976 -0.1100439
vt -0.2892312 -0.07294098
vt 0.2967746 0.1166465
vt 0.2800789 0.05757086
vt 0.3029502 0.08690187
vt 0.2696752 0.1148926
vt 0.280866 0.05717463
vt 0.2976004 0.1162393
vt -0.2256724 0.2176351
vt -0.193812 0.2089201
vt -0.1732439 0.2190506
vt -0.2253133 0.2093798
vt -0.172884 0.2107622
vt -0.1831713 0.2278925
vt -0.1660968 -0.01828991
vt -0.1745455 -0.008364448
vt -0.2026722 -0.007910216
vt -0.146187 0.05228236
vt -0.182866 0.06229018
vt -0.1262272 0.03412016
vt 0.3125156 0.08731475
vt 0.287624 0.08132201
vt 0.3002794 0.06739824
vt 0.175968 0.1810012
vt 0.166196 0.1597667
vt 0.1870875 0.1630665
vt -0.1248624 0.02781755
vt -0.1290738 0.04382657
vt -0.1412687 0.03537264
vt 0.2662454 -0.05802514
vt 0.2874197 -0.03364016
vt 0.2754802 -0.02677936
vt 0.1788415 -0.20641
vt 0.1859277 -0.1933728
vt 0.1685776 -0.1971691
vt -0.2391339 0.01940107
vt -0.2705061 0.02938194
vt -0.2676744 0.01307224
vt 0.2357005 -0.2405611
vt 0.2520396 -0.2335989
vt 0.2152818 -0.214829
vt -0.05539877 0.08435824
vt -0.08018598 0.1250297
vt -0.0966 0.1325681
vt -0.1470725 0.1835294
vt -0.154662 0.1658483
vt -0.1522635 0.1432036
vt 0.136794 0.1425761
vt 0.1396189 0.1651716
vt 0.1248405 0.159966
vt 0.1804115 0.0009073225
vt 0.1952279 0.006003935
vt 0.2037045 0.02327731
vt -0.04232183 0.1752773
vt -0.05046453 0.1354424
vt -0.002346211 0.1262827
vt 0.134806 0.3318382
vt 0.09087838 0.3535094
vt 0.07110008 0.3460154
vt 0.1285866 0.3299348
vt 0.06465957 0.343079
vt 0.05944968 0.3088823
vt 0.3063661 0.04088707
vt 0.305074 0.01053555
vt 0.3299268 0.0166871
vt 0.284469 -0.02481614
vt 0.254328 -0.03007476
vt 0.2757292 -0.056204
vt -0.3293567 -0.01899523
vt -0.3290621 -0.04104801
vt -0.3177266 -0.03657879
vt 0.2531862 -0.07740775
vt 0.2407696 -0.07889307
vt 0.247069 -0.09607406
vt -0.1823165 0.03292527
vt -0.194817 0.03531421
vt -0.1978031 0.01589939
vt 0.2508271 0.117796
vt 0.2622011 0.1078747
vt 0.2707131 0.1159662
vt -0.09751359 0.3046895
vt -0.07924664 0.3082869
vt -0.08987802 0.3148713
vt 0.2790601 -0.1634524
vt 0.2887526 -0.1585514
vt 0.2678978 -0.1585667
vt -0.1965082 0.0150044
vt -0.1865516 0.01066516
vt -0.1809987 0.03200942
vt 0.06970589 -0.1105177
vt 0.06935421 -0.1291585
vt 0.0832238 -0.117231
vt -0.3126884 -0.0697196
vt -0.309148 -0.05141471
vt -0.3260794 -0.05343707
vt -0.09039885 -0.3311605
vt -0.09059193 -0.3141098
vt -0.1077304 -0.3243603
vt 0.3373906 -0.04926819
vt 0.3269846 -0.05471265
vt 0.3433784 -0.06656026
vt 0.2887898 -0.1791615
vt 0.2765626 -0.1630488
vt 0.267935 -0.1791794
vt -0.08898409 -0.05658444
vt -0.08711229 -0.03179864
vt -0.1088337 -0.05862825
vt -0.1070908 -0.1335444
vt -0.09543321 -0.1390504
vt -0.09919533 -0.09957899
vt 0.2252753 -0.1317519
vt 0.2216722 -0.09706748
vt 0.1710408 -0.01788267
vt -0.1858773 -0.04351984
vt -0.2169036 -0.1058498
vt -0.2195149 -0.1387371
vt 0.1639998 -0.04052316
vt 0.1552878 -0.03863561
vt 0.2198443 -0.1273541
vt -0.0114035 -0.09612106
vt -0.01184137 -0.1942123
vt 0.004795953 -0.1266043
vt 0.1563384 -0.01919084
vt 0.1593947 -0.0438586
vt 0.214992 -0.1308481
vt -0.1619766 -0.1856766
vt -0.1267024 -0.08108734
vt -0.1497412 -0.08543636
vt -0.07836464 -0.1376753
vt -0.06763544 -0.1064779
vt -0.08223514 -0.09821434
vt 0.09140968 -0.09012921
vt 0.1317977 -0.1928521
vt 0.143209 -0.1868523
vt -0.09480995 -0.07529391
vt -0.1328221 -0.1612523
vt -0.1187693 -0.1704151
vt 0.03063183 -0.1884305
vt 0.01537154 -0.1706311
vt 0.01293722 -0.1792064
vt 0.1069981 0.06393356
vt 0.0895573 0.03145215
vt 0.11172 0.01977348
vt 0.1924684 -0.0537981
vt 0.1794065 -0.04107494
vt 0.1556034 -0.06524774
vt 0.2030618 -0.0887516
vt 0.1931037 -0.05371179
vt 0.1563057 -0.065375
vt -0.171318 -0.1306665
vt -0.125669 -0.1011935
vt -0.1430744 -0.06010221
vt -0.1527981 -0.06261017
vt 0.0396686 -0.1587456
vt 0.05700911 -0.1111829
vt 0.05003979 -0.1238258
vt 0.001940919 -0.1613286
vt 0.001169922 -0.1102275
vt -0.02089473 -0.1716295
vt 0.1650301 -0.04365933
vt 0.1869539 -0.08982499
vt 0.2132088 -0.0639425
vt -0.2250748 -0.08226556
vt -0.1927489 -0.08852866
vt -0.187599 -0.0429203
vt 0.1813548 -0.03813799
vt 0.2138155 -0.03261614
vt 0.1923117 0.004901006
vt -0.02149796 -0.137951
vt 0.006447865 -0.1709508
vt 0.003171094 -0.1004957
vt -0.1750132 0.07133324
vt -0.1743081 0.06268872
vt -0.1634288 0.07190108
vt -0.01092063 -0.1067799
vt -0.06337262 -0.1315029
vt -0.03486421 -0.1674739
vt -0.1076794 0.03624979
vt -0.1078758 0.03564717
vt -0.1217054 -0.006781474
vt -0.06903102 0.0174642
vt -0.09403791 0.04038947
vt -0.1430749 -0.06010125
vt -0.1433221 -0.05951762
vt -0.1527985 -0.0626092
vt 0.1683922 -0.09421177
vt 0.1692297 -0.07979949
vt 0.1576356 -0.07948814
vt 0.03604526 -0.1146092
vt 0.03409549 -0.1072061
vt 0.0140415 -0.1536898
vt -0.1333027 -0.0866258
vt -0.1409495 -0.08253309
vt -0.1426861 -0.0899891
vt -0.1255905 0.1105496
vt -0.1430526 0.07709189
vt -0.1202264 0.06540391
vt -0.09268262 -0.1275713
vt -0.06924982 -0.1007805
vt -0.1048069 -0.08520593
vt 0.104113 -0.1181968
vt 0.08935151 -0.03931421
vt 0.05095328 -0.0176948
vt -0.1265985 -0.08690866
vt -0.081524 0.0007125327
vt -0.1051918 0.01060472
vt -0.2019132 -0.06517415
vt -0.1390211 0.02228844
vt -0.1721863 0.009368964
vt 0.1897425 -0.08668758
vt 0.1498831 0.0271731
vt 0.1648918 -0.09301887
vt 0.05711422 -0.01374579
vt 0.07899278 -0.1323812
vt 0.1116691 -0.1134973
vt -0.03174147 -0.1315964
vt -0.0001529996 -0.1478289
vt -0.003785281 -0.03711021
vt -0.1455217 0.03765735
vt -0.122146 0.06439502
vt -0.1590087 0.08107405
vt -0.1993561 -0.06776732
vt -0.1599914 -0.07712045
vt -0.1369014 0.02000809
vt -0.02105032 0.1333262
vt -0.001274221 0.1169883
vt 0.01570116 0.1458244
vt 0.1426989 0.02299874
vt 0.1141858 0.005486075
vt 0.1549968 -0.09750076
vt -0.226935 -0.0001143653
vt -0.2394591 -0.03943761
vt -0.2178793 -0.05329246
vt 0.05238949 0.1871423
vt 0.04803855 0.1649133
vt 0.08134072 0.1838168
vt -0.02377537 -0.2055852
vt -0.02743294 -0.122666
vt -0.05656418 -0.1234424
vt -0.08132844 -0.1522925
vt -0.0355441 -0.0742888
vt -0.07920104 -0.06327803
vt -0.2423748 -0.1050699
vt -0.1822179 -0.03588982
vt -0.2043927 -0.0312707
vt 0.2389271 -0.1310748
vt 0.2033643 -0.0334706
vt 0.2148073 -0.1397858
vt 0.01279952 -0.1002689
vt 0.0242178 -0.2035206
vt 0.05614148 -0.1773663
vt 0.109892 -0.1907726
vt 0.1411272 -0.207675
vt 0.1232127 -0.1013111
vt -0.2220264 -0.08095257
vt -0.1945808 -0.05841215
vt -0.2370399 -0.0291403
vt -0.2359115 -0.1108399
vt -0.1879542 -0.1298058
vt -0.1758287 -0.04159538
vt 0.08017121 0.1445858
vt 0.10864 0.1097047
vt 0.116343 0.1571548
vt 0.1938519 -0.03475066
vt 0.1481109 -0.04953585
vt 0.2051517 -0.1410812
vt 0.1949609 -0.1716687
vt 0.1947003 -0.1713986
vt 0.1808807 -0.1817311
vt -0.1400371 -0.005835499
vt -0.1794368 -0.05117545
vt -0.1458699 -0.05837591
vt -0.1477236 -0.007352882
vt -0.07068259 -0.006776756
vt -0.06450833 0.02837618
vt 0.04993574 0.1460008
vt 0.03778772 0.1854249
vt -0.006370797 0.158503
vt 0.1428933 -0.06802686
vt 0.1936512 -0.09646649
vt 0.1542761 -0.03419963
vt -0.1756833 -0.05349266
vt -0.1359514 -0.008443629
vt -0.1941133 -0.02183431
vt 0.2312971 -0.04115614
vt 0.1928494 -0.02737918
vt 0.2033114 -0.06104042
vt 0.2130832 0.01839402
vt 0.1785018 -0.002601276
vt 0.2083475 -0.009943044
vt 0.1462902 -0.06181551
vt 0.1567781 -0.09235753
vt 0.1971676 -0.09004093
vt -0.09727143 -0.1867723
vt -0.1759948 -0.19578
vt -0.1761885 -0.1961014
vt 0.1750949 -0.02511291
vt 0.2198472 -0.03813023
vt 0.2171724 -0.0147049
vt 0.2091638 -0.06796098
vt 0.2322273 -0.07770877
vt 0.234895 -0.0441866
vt 0.1132969 -0.04226743
vt 0.1456989 -0.0168813
vt 0.1081715 -0.009032168
vt -0.09100752 -0.1299889
vt -0.07151815 -0.1355621
vt -0.07024877 -0.1032945
vt 0.06946021 -0.189791
vt 0.06776727 -0.2422489
vt 0.0893307 -0.2069196
vt 0.1736179 -0.07078592
vt 0.1820687 -0.08476287
vt 0.2226262 -0.08957122
vt -0.1674806 -0.08685827
vt -0.1796855 -0.07067385
vt -0.1981154 -0.08934366
vt -0.1310377 -0.1201848
vt -0.07023729 -0.06932727
vt -0.1472785 -0.06987824
vt 0.2201678 -0.02685048
vt 0.1740353 -0.02021666
vt 0.2404203 -0.05908323
vt 0.240468 -0.05902954
vt 0.1740906 -0.02014982
vt 0.2140528 -0.08204156
vt 0.119932 -0.1964844
vt 0.09261121 -0.2053722
vt 0.07162927 -0.2410499
vt 0.1104156 -0.2293778
vt 0.1063855 -0.2046654
vt 0.05512242 -0.2457912
vt -0.05590199 -0.1818366
vt -0.02310316 -0.1689227
vt -0.01756001 -0.153559
vt 0.02922253 -0.1446301
vt -0.01823094 -0.2081229
vt 0.01714937 -0.1762174
vt 0.1352948 -0.1442104
vt 0.1216438 -0.1634342
vt 0.1535105 -0.167148
vt -0.04345847 -0.2075676
vt -0.06300581 -0.1896702
vt -0.06748161 -0.2186169
vt -0.1698135 -0.0796005
vt -0.1661945 -0.09783884
vt -0.1484545 -0.08708855
vt 0.110675 -0.1446851
vt 0.1261837 -0.1371206
vt 0.1017803 -0.1048381
vt 0.06230989 -0.03855409
vt 0.08146936 -0.04987742
vt 0.07814968 -0.03158223
vt -0.1917679 -0.01962592
vt -0.2092387 -0.03080832
vt -0.1734694 -0.05136039
vt 0.07868551 0.005753723
vt 0.1282649 0.02047244
vt 0.1097268 0.03278671
vt -0.1895405 -0.1232134
vt -0.168361 -0.1311947
vt -0.1102839 -0.1174405
vt -0.1920307 -0.06902875
vt -0.2152377 -0.08563123
vt -0.2254817 -0.1074575
vt -0.09327345 -0.1953984
vt -0.08217637 -0.2115952
vt -0.06831975 -0.1866513
vt 0.03939013 -0.189389
vt 0.03593884 -0.1655266
vt 0.02023633 -0.1537405
vt -0.1071558 -0.1434807
vt -0.1570628 -0.1077506
vt -0.1861581 -0.149574
vt -0.1870579 0.08732841
vt -0.20685 0.06970213
vt -0.2082449 0.008339258
vt -0.1525286 0.06518105
vt -0.1945143 0.0759537
vt -0.2107265 -0.004204516
vt 0.1625167 -0.1187141
vt 0.1305455 -0.1160457
vt 0.1381797 -0.1533395
vt 0.1094176 -0.1021178
vt 0.08130859 -0.1337577
vt 0.1187829 -0.1418568
vt -0.1946332 -0.09657571
vt -0.2321119 -0.06258333
vt -0.2255149 -0.1143297
vt -0.1866482 -0.01896264
vt -0.1209778 -0.05189611
vt -0.1375055 -0.024359
vt 0.05100063 -0.1593394
vt 0.01454508 -0.1538341
vt 0.01011115 -0.2194614
vt 0.0954119 -0.1729783
vt 0.09668067 -0.2182895
vt 0.1291657 -0.2102549
vt 0.1658328 -0.1202441
vt 0.1440561 -0.1808581
vt 0.1797004 -0.1845426
vt -0.1699118 -0.1511669
vt -0.1441749 -0.113853
vt -0.2111925 -0.08375529
vt 0.04532599 0.01578809
vt 0.0627147 0.04145034
vt 0.04673471 0.0478735
vt 0.2150013 -0.1387688
vt 0.2037516 -0.09542058
vt 0.1864656 -0.1247261
vt 0.1237451 -0.1167184
vt 0.09115369 -0.1314047
vt 0.0978411 -0.1756867
vt -0.2051003 -0.08015882
vt -0.2089049 -0.1246523
vt -0.1637839 -0.1475486
vt -0.08871159 -0.1548047
vt -0.04075816 -0.1434764
vt -0.0422863 -0.09884665
vt 0.2221042 -0.09763396
vt 0.2081164 -0.1102672
vt 0.2219652 -0.1379443
vt 0.1496313 -0.2020906
vt 0.1180262 -0.2130881
vt 0.147582 -0.2329712
vt 0.1388024 0.08249512
vt 0.1388984 0.082503
vt 0.1612624 0.08434014
vt 0.1499777 0.1182598
vt 0.1263988 0.09444372
vt 0.1576112 -0.07568863
vt 0.1340894 -0.09599245
vt 0.1625266 -0.1043104
vt 0.1474192 -0.06044243
vt 0.1473229 -0.06044584
vt 0.1242202 -0.08111427
vt 0.1703414 -0.07517447
vt 0.1479157 -0.07595426
vt 0.153129 -0.1045233
vt -0.1004815 0.1260051
vt -0.1141606 0.1566
vt -0.147581 0.1410309
vt -0.08102073 0.01881646
vt -0.1283708 0.005184521
vt -0.1118627 -0.02325469
vt 0.1830193 -0.04687951
vt 0.1971064 -0.0171666
vt 0.1615434 -0.01276602
vt 0.1109915 -0.2343535
vt 0.09195973 -0.2088726
vt 0.066434 -0.1938294
vt 0.1780418 -0.1654813
vt 0.1947233 -0.1567072
vt 0.1390529 -0.1337208
vt -0.04412299 -0.01760682
vt -0.0514833 0.02750429
vt -0.07593721 -0.01277762
vt -0.1943854 -0.04127658
vt -0.16311 -0.09981046
vt -0.1609457 -0.07087898
vt 0.1918786 -0.05072602
vt 0.1605798 -0.0621124
vt 0.1854223 -0.1160897
vt -0.04111779 -0.1821601
vt -0.02851395 -0.2211201
vt -0.002391289 -0.2059071
vt 0.1480615 -0.01061095
vt 0.1682585 -0.06517521
vt 0.1950407 -0.04699303
vt -0.1791145 -0.1011641
vt -0.1401703 -0.08851163
vt -0.1717444 -0.03013833
vt -0.1150778 -0.0957461
vt -0.09703862 -0.07432792
vt -0.1107906 -0.06705229
vt 0.09838649 -0.1590178
vt 0.07038613 -0.1298175
vt 0.06969708 -0.1605452
vt 0.1629954 -0.02548426
vt 0.1472986 -0.05370518
vt 0.1760285 -0.08218803
vt -0.1778851 -0.0308851
vt -0.2048099 -0.06092448
vt -0.1846928 -0.101967
vt 0.08858003 -0.1822363
vt 0.131009 -0.1687818
vt 0.1266078 -0.1286827
vt 0.1756541 -0.06468026
vt 0.1796375 -0.0812344
vt 0.2075783 -0.08219798
vt 0.1767779 -0.05829361
vt 0.1852856 -0.08730134
vt 0.2045479 -0.06152484
vt -0.06117288 -0.001568183
vt -0.06108944 -0.001543362
vt -0.04166092 0.004238323
vt -0.05794268 0.03212586
vt -0.07435913 0.006688646
vt -0.007534705 -0.1356514
vt -0.02235025 -0.1594926
vt 0.004410491 -0.1590082
vt -0.02549517 -0.1272365
vt -0.02557898 -0.12726
vt -0.04144155 -0.1503366
vt -0.0008825639 -0.1330161
vt -0.02031399 -0.138788
vt -0.00927121 -0.1625847
vt -0.1341311 0.003661878
vt -0.1255064 0.03268198
vt -0.1575752 0.04167352
vt 0.09468623 -0.0815881
vt 0.05132025 -0.09161972
vt 0.06485121 -0.1180641
vt 0.2059914 -0.08361284
vt 0.1982114 -0.05494466
vt 0.1712163 -0.07280917
vt 0.006363256 0.1677067
vt 0.03003505 0.151426
vt 0.05623578 0.1459585
vt 0.05941369 -0.1969677
vt 0.06970494 -0.1834031
vt 0.01535419 -0.1859033
vt 0.06754135 -0.04371364
vt 0.007136554 -0.02335841
vt 0.05004798 -0.09379211
vt -0.07595325 -0.1267426
vt -0.01254557 -0.1664346
vt -0.02549295 -0.1335417
vt 0.1575286 -0.01022219
vt 0.121088 -0.02089425
vt 0.1454156 -0.08411899
vt -0.1893662 -0.02091106
vt -0.211662 -0.05206669
vt -0.1821404 -0.06841122
vt 0.004482253 -0.06293453
vt -0.03280007 -0.1283592
vt 0.01325986 -0.1301071
vt 0.02032073 -0.1706327
vt 0.02617755 -0.1327714
vt -0.04222768 -0.1024942
vt -0.189919 -0.03441972
vt -0.1583283 -0.02327028
vt -0.1667943 -0.007683544
vt -0.1651565 -0.08142611
vt -0.1345381 -0.03810534
vt -0.1667982 -0.05178611
vt 0.09309361 -0.07283805
vt 0.06397732 -0.09536992
vt 0.07783306 -0.1465773
vt -0.05377714 -0.1068741
vt -0.05226837 -0.1514797
vt 0.005904577 -0.177537
vt 0.1695209 -0.07221078
vt 0.2023207 -0.03286562
vt 0.1750534 0.002467563
vt -0.1702276 -0.06095533
vt -0.181392 -0.0601946
vt -0.2042878 -0.09632515
vt -0.1801426 -0.05889993
vt -0.2093246 -0.04195634
vt -0.2035685 -0.09468906
vt -0.09220058 0.08149697
vt -0.09214543 0.08141444
vt -0.07930171 0.06220193
vt -0.05441407 0.08933216
vt -0.08765079 0.09864102
vt -0.157966 -0.01644296
vt -0.1904553 -0.02487194
vt -0.1713069 -0.04321186
vt -0.1575915 -0.01781179
vt -0.1576728 -0.01775485
vt -0.1900879 -0.02621355
vt -0.1378742 -0.02976393
vt -0.1567941 -0.01649307
vt -0.1702313 -0.0432138
vt -0.03120839 0.1525269
vt -0.002565542 0.1332676
vt 0.01813032 0.1651031
vt 0.1725229 0.01898555
vt 0.1464022 -0.02507782
vt 0.1926363 -0.06100035
vt -0.02728938 -0.220605
vt 0.009194575 -0.1748126
vt -0.03683736 -0.1724391
vt -0.170112 -0.06743002
vt -0.1692806 -0.03775623
vt -0.1881347 -0.0191138
vt -0.1816483 -0.06744038
vt -0.1704817 -0.06816779
vt -0.1886522 -0.01990698
vt -0.09705306 -0.006160434
vt -0.0877348 -0.04895633
vt -0.07756153 0.02741769
vt -0.09314413 -0.0697967
vt -0.09772927 -0.004805365
vt -0.120444 -0.04269266
vt 0.04107264 -0.1050523
vt 0.06899005 -0.08665694
vt 0.03654457 -0.04187349
vt -0.05751797 -0.05908184
vt -0.01211329 -0.04385014
vt -0.05487114 -0.04564277
vt 0.08025767 -0.07779234
vt 0.05128289 0.01543436
vt 0.04638198 -0.03408075
vt -0.02875328 0.008131653
vt -0.07481681 -0.004973311
vt -0.06869004 -0.06983748
vt -0.01757724 -0.05146889
vt -0.04097743 -0.07547051
vt -0.03278538 -0.09294318
vt 0.06620253 0.01948089
vt 0.1152156 -0.04385448
vt 0.09375732 -0.005639622
vt 0.1122234 -0.06040949
vt 0.1267221 -0.03155471
vt 0.07558899 0.03008181
vt -0.1389549 -0.06180795
vt -0.1210114 -0.02047157
vt -0.1178437 0.02321235
vt 0.0348701 -0.04218042
vt 0.02008236 -0.06449822
vt 0.03902876 -0.1053846
vt -0.03208149 -0.03418075
vt -0.03240559 -0.07448442
vt 0.006488651 -0.02901182
vt -0.05431229 -0.05565049
vt -0.01155927 -0.05374615
vt -0.01046171 -0.01493629
vt 0.07887244 0.04767962
vt 0.08614209 0.01621595
vt 0.1008552 0.02734147
vt -0.02141299 -0.08829875
vt -0.001591184 -0.07599493
vt -0.0261289 -0.05522335
vt -0.04251099 -0.05844688
vt -0.04554244 -0.07133462
vt -0.0218388 -0.04763264
vt -0.0001597811 -0.09523376
vt 0.01401003 -0.08378806
vt 0.004761908 -0.05168365
vt 0.05954983 0.07696316
vt 0.04702551 0.06342088
vt 0.07116412 0.04028866
vt 0.009957641 -0.05931547
vt 0.02541872 -0.03745876
vt -0.005328051 0.01620164
vt -0.0006616652 0.01904003
vt 0.03093036 -0.03412713
vt 0.03805506 0.01511719
vt -0.01786819 -0.03105954
vt -0.03784354 -0.06254433
vt -0.01456542 -0.08471835
vt 0.1105065 -0.0029755
vt 0.08406479 0.02744367
vt 0.1170475 -0.01501003
vt -0.00534174 -0.07979871
vt -0.003766363 -0.06665331
vt -0.0185998 -0.07722481
vt 0.009064932 -0.07627474
vt -0.0007754907 -0.05967444
vt -0.01406109 -0.05724667
vt -0.02704002 0.03486218
vt -0.02739524 0.01250586
vt -0.01220276 0.01238282
vt 0.1939055 -0.0347751
vt 0.1810417 -0.01886484
vt 0.1662873 -0.03650589
vt 0.2111508 -0.1129388
vt 0.1928751 -0.0666967
vt 0.1652096 -0.06730952
vt -0.2008902 -0.1233143
vt -0.1582703 -0.08342227
vt -0.1775532 -0.06813169
vt -0.1313556 -0.1603726
vt -0.1022148 -0.1056342
vt -0.1217923 -0.1115784
vt 0.02900492 -0.2064682
vt 0.02765508 -0.1350192
vt 0.01381234 -0.2065792
vt 0.1646909 -0.06784717
vt 0.1972972 -0.1314366
vt 0.2106248 -0.1134838
vt -0.1975585 -0.1283125
vt -0.1858922 -0.1458228
vt -0.1558423 -0.08747645
vt -0.03574632 -0.005814688
vt -0.02817767 0.01381766
vt -0.05208189 0.01560061
vt -0.06676532 -0.1920509
vt -0.04285401 -0.1937362
vt -0.04530213 -0.1338718
vt -0.06405514 0.09857748
vt -0.06472768 0.07397708
vt -0.04353759 0.0881886
vt 0.06881309 -0.1323765
vt 0.04523781 -0.1421332
vt 0.06378071 -0.2050891
vt -0.1898471 -0.1029103
vt -0.1830463 -0.08984874
vt -0.2011338 -0.0993932
vt 0.113601 -0.1917828
vt 0.1212385 -0.1916902
vt 0.1089925 -0.1716442
vt 0.154052 -0.1932453
vt 0.1512601 -0.1727757
vt 0.1197761 -0.1268483
vt -0.1382349 -0.1234751
vt -0.1588627 -0.1591959
vt -0.1616105 -0.178547
vt 0.03561212 -0.1778312
vt 0.03077228 -0.1757179
vt 0.05791254 -0.2347841
vt 0.1677407 -0.1165518
vt 0.1974194 -0.1665161
vt 0.1852623 -0.1270993
vt 0.02118192 -0.167613
vt 0.01954847 -0.1822481
vt 0.03961496 -0.2400258
vt -0.2156601 -0.1524274
vt -0.1773113 -0.09946002
vt -0.1911101 -0.09786894
vt 0.1344426 -0.183355
vt 0.1318631 -0.1639808
vt 0.1219373 -0.1634697
vt -0.1142786 -0.1717271
vt -0.1223677 -0.2366173
vt -0.1147304 -0.2367285
vt 0.1111401 -0.1622705
vt 0.1165779 -0.2176871
vt 0.1264968 -0.218319
vt 0.1762302 0.03059874
vt 0.1626812 0.02753898
vt 0.1664973 0.02388833
vt -0.1105059 -0.03706317
vt -0.1142787 -0.06122018
vt -0.1003897 -0.06737842
vt 0.06256448 0.1092461
vt 0.05027034 0.1038672
vt 0.07071027 0.09402382
vt 0.1969652 -0.1819841
vt 0.1697186 -0.1410503
vt 0.1551819 -0.1503647
vt -0.2159302 -0.1482638
vt -0.1719584 -0.1176394
vt -0.1927207 -0.1008929
vt -0.1712607 -0.2018689
vt -0.1335364 -0.1627939
vt -0.1465135 -0.1593773
vt 0.1808251 -0.2051919
vt 0.1551884 -0.1492421
vt 0.1669952 -0.2114816
vt 0.1758072 -0.1230843
vt 0.2102027 -0.1741194
vt 0.2197581 -0.1516141
vt -0.1423658 -0.2222594
vt -0.1317453 -0.2404231
vt -0.1081126 -0.1810515
vt -0.1193094 -0.07946277
vt -0.10416 -0.0648611
vt -0.130611 -0.04956921
vt -0.2000318 -0.1725688
vt -0.1734916 -0.1877054
vt -0.1589987 -0.1369842
vt 0.03466837 0.08558895
vt 0.03380639 0.05892865
vt 0.05571626 0.07712315
vt 0.1706445 -0.1372949
vt 0.1451139 -0.1499152
vt 0.1864603 -0.1986384
vt 0.1757833 0.001192515
vt 0.1783844 -0.02049407
vt 0.1931062 -0.01861186
vt 0.163082 -0.0953642
vt 0.1589456 -0.0828518
vt 0.1423633 -0.1050466
vt 0.1698786 -0.1111539
vt 0.1613192 -0.09134274
vt 0.1406072 -0.1010396
vt 0.02903095 -0.2399891
vt 0.04847983 -0.2143369
vt 0.02477325 -0.1888612
vt 0.1196758 -0.1330876
vt 0.1071793 -0.1006911
vt 0.1111936 -0.1132432
vt -0.1890015 -0.1505228
vt -0.174463 -0.1239636
vt -0.2037801 -0.1491568
vt 0.1187509 -0.1551766
vt 0.1327581 -0.1820198
vt 0.1477255 -0.1661122
vt -0.1653381 -0.07503109
vt -0.1465884 -0.08041517
vt -0.1411676 -0.05376884
vt 0.208303 -0.1166111
vt 0.2250343 -0.1065809
vt 0.2050941 -0.09049602
vt 0.1749781 -0.1512907
vt 0.1990221 -0.1601351
vt 0.1716771 -0.1167248
vt -0.1829623 -0.03208685
vt -0.2082827 -0.0559593
vt -0.1740091 -0.05830567
vt -0.1772507 -0.1201588
vt -0.211541 -0.118071
vt -0.2069701 -0.1448762
vt 0.1429505 -0.0571435
vt 0.1338726 -0.09854589
vt 0.1620526 -0.1044949
vt -0.08173902 -0.07065167
vt -0.1113039 -0.06807299
vt -0.07292415 -0.1196434
vt 0.2335583 -0.1241474
vt 0.2033947 -0.09509443
vt 0.1940139 -0.1439809
vt -0.1819563 -0.2091105
vt -0.1311796 -0.1901867
vt -0.1476261 -0.1450859
vt 0.0979548 -0.2739653
vt 0.1342296 -0.2289857
vt 0.1047789 -0.2326453
vt -0.06796537 -0.2947308
vt -0.07303797 -0.2657591
vt -0.0955024 -0.3031697
vt 0.1970829 -0.1529179
vt 0.2194567 -0.1720099
vt 0.2367381 -0.133307
vt -0.2464099 -0.05502003
vt -0.2290713 -0.07042426
vt -0.1985154 -0.02967253
vt 0.2303457 -0.1173443
vt 0.2495234 -0.1043009
vt 0.2209975 -0.06714805
vt -0.004967694 -0.2472239
vt 0.02477221 -0.2834122
vt 0.04135639 -0.2126826
vt -0.1017393 -0.05947063
vt -0.1152673 -0.1055311
vt -0.06388556 -0.1114283
vt -0.09373148 -0.2589663
vt -0.1447742 -0.2506298
vt -0.1189853 -0.2945535
vt 0.2006143 -0.1029226
vt 0.1750941 -0.1269808
vt 0.1925191 -0.1354558
vt -0.03675411 0.04083011
vt -0.0505778 0.0265342
vt -0.02556175 0.01166671
vt 0.2273272 -0.1123315
vt 0.2117944 -0.09935708
vt 0.1926503 -0.1240406
vt -0.2288974 -0.1440877
vt -0.2049171 -0.1451021
vt -0.2023906 -0.1265976
vt -0.1665155 -0.182465
vt -0.1369237 -0.1815205
vt -0.1519129 -0.1684518
vt -0.1000743 -0.2262652
vt -0.098876 -0.209035
vt -0.1158373 -0.2375338
vt 0.1926508 -0.1236381
vt 0.2031694 -0.1373375
vt 0.2273192 -0.1119039
vt -0.22536 -0.03060314
vt -0.2146194 -0.058238
vt -0.2014194 -0.0323149
vt 0.09184917 -0.09456316
vt 0.1164545 -0.07802154
vt 0.095183 -0.06120415
vt -0.1640361 -0.1984633
vt -0.152797 -0.2231409
vt -0.1344555 -0.197216
vt -0.1181798 -0.1259977
vt -0.1231295 -0.1440061
vt -0.09157194 -0.1377818
vt -0.0548526 -0.2253403
vt -0.08569769 -0.2344618
vt -0.06655902 -0.2563697
vt 0.1400418 0.2088981
vt 0.1886708 0.1684227
vt 0.204526 0.2119096
vt 0.1103343 0.185498
vt 0.1075774 0.2400379
vt 0.08591325 0.2186215
vt 0.08326165 0.02819416
vt 0.1164613 0.05251162
vt 0.1251142 0.09463201
vt -0.1481489 0.1208245
vt -0.1866042 0.04913544
vt -0.1607227 0.05872819
vt -0.1616544 0.2066771
vt -0.1953564 0.153028
vt -0.188739 0.1063296
vt 0.1450551 0.1903973
vt 0.1619917 0.1508732
vt 0.1886437 0.1656268
vt -0.1964972 0.1177392
vt -0.1642392 0.08810934
vt -0.1329555 0.1063486
vt -0.1630699 0.08843289
vt -0.1766909 0.1335882
vt -0.2031039 0.1255742
vt 0.1800905 0.09886629
vt 0.1400875 0.1478847
vt 0.1573653 0.02370521
vt -0.1646584 0.120525
vt -0.0914973 0.222341
vt -0.1273917 0.2175528
vt -0.1555422 0.1377084
vt -0.1984046 0.1467258
vt -0.1979474 0.06828266
vt 0.1967579 0.1695318
vt 0.163305 0.2404855
vt 0.1536959 0.1952068
vt 0.1864408 0.2113164
vt 0.2170371 0.1646747
vt 0.2508777 0.198909
vt 0.1894387 0.1079397
vt 0.1880369 0.2053896
vt 0.1623459 0.1975597
vt 0.08336473 -0.002590082
vt 0.1401505 0.07184882
vt 0.1442371 0.1078782
vt -0.188464 0.1390365
vt -0.2060094 0.06949179
vt -0.1859269 0.08323587
vt -0.2156851 0.1813761
vt -0.2239531 0.1261331
vt -0.2025074 0.02867896
vt 0.1728808 0.1823269
vt 0.1835407 0.1476688
vt 0.2096596 0.1539249
vt -0.2240771 -0.04811172
vt -0.1859252 -0.04213717
vt -0.1713279 -0.009078682
vt -0.162593 0.01683404
vt -0.196787 0.1105783
vt -0.2173026 0.09748959
vt 0.1981579 0.1042577
vt 0.1763862 0.1556151
vt 0.1563126 -0.01472829
vt -0.209621 0.07130137
vt -0.1570832 0.234579
vt -0.1914771 0.2234883
vt -0.198353 0.1515078
vt -0.2369177 0.1494996
vt -0.2187897 0.0827572
vt 0.2376998 0.1506189
vt 0.2338663 0.219673
vt 0.2036287 0.1822182
vt 0.21349 0.04423993
vt 0.1839735 0.1081013
vt 0.1472922 0.07199655
vt 0.2001891 0.2931573
vt 0.1469178 0.2640117
vt 0.1788405 0.2526826
vt 0.1277148 0.3287767
vt 0.1115709 0.2859592
vt 0.1291034 0.2414757
vt -0.2113001 0.1846782
vt -0.1556222 0.2559723
vt -0.1857946 0.2503484
vt -0.1697507 0.08826423
vt -0.1728519 0.1586453
vt -0.2084349 0.1971723
vt 0.132715 0.1327966
vt 0.1535216 0.175846
vt 0.1216959 0.1874446
vt -0.1664125 0.1710913
vt -0.2134346 0.1837809
vt -0.2349455 0.1497418
vt -0.2060668 0.2414446
vt -0.192599 0.1907583
vt -0.1629489 0.1986878
vt 0.1844059 0.2044353
vt 0.2329106 0.1534765
vt 0.2032346 0.289693
vt -0.1564001 0.2042282
vt -0.1174501 0.07036828
vt -0.09702647 0.1050707
vt -0.2139327 0.1734187
vt -0.1671783 0.1597756
vt -0.1610135 0.2467838
vt 0.1377011 0.2002617
vt 0.108524 0.11806
vt 0.1515749 0.1462679
vt 0.01953316 0.2197465
vt -0.03149179 0.2091647
vt 0.0155827 0.1832733
vt -0.02024922 0.0395825
vt 0.03927231 0.08629418
vt 0.006360998 0.08299177
vt 0.05940419 0.2006092
vt 0.02166062 0.1964572
vt 0.03458677 0.1299582
vt -0.03485 0.2401134
vt -0.06511788 0.2045708
vt -0.03472419 0.1883222
vt 0.03076711 0.1880663
vt -0.01945989 0.1447384
vt 0.0106388 0.123382
vt 0.0368671 0.1211678
vt 0.02924984 0.1672265
vt -0.04193885 0.1415952
vt -0.03555307 0.1361591
vt -0.009983825 0.1170423
vt -0.002611363 0.1331751
vt -0.03109849 0.1856208
vt 0.0003801267 0.2193321
vt -0.03464217 0.2181833
vt 0.0304997 0.1678043
vt -0.006070004 0.1635499
vt -0.01331182 0.1179987
vt -0.04314142 0.1293501
vt -0.01475869 0.09316175
vt 0.03531077 0.1076037
vt 0.0371191 0.1354372
vt 0.06626315 0.1769804
vt 0.03453608 0.2102756
vt -0.02228916 0.1742129
vt -0.03909656 0.1839254
vt -0.06184128 0.1615956
vt -0.02916693 0.1977485
vt -0.05951425 0.2140836
vt -0.05403353 0.1778088
vt -0.002824443 0.1861648
vt -0.00283685 0.1860663
vt -0.00572301 0.163137
vt 0.0308544 0.1673248
vt 0.01184594 0.1961347
vt -0.01246565 0.2208287
vt -0.04298187 0.2304661
vt -0.03489475 0.2010426
vt -0.01233933 0.2089705
vt -0.0123915 0.209055
vt -0.04266745 0.2191844
vt 0.000477064 0.1957653
vt -0.01259899 0.2148204
vt -0.03454106 0.1944955
vt 0.0207166 0.1611497
vt 0.02512158 0.1269162
vt 0.06270258 0.1323461
vt 0.01113576 0.1845497
vt 0.01544278 0.1339863
vt 0.04747531 0.1449795
vt -0.06374817 0.08116502
vt -0.03302066 0.06692585
vt -0.02881023 0.1035906
vt -0.009087024 0.1876789
vt -0.01085571 0.2203859
vt -0.02414958 0.2478525
vt -0.04574059 0.1913072
vt -0.02834421 0.182694
vt -0.04280398 0.2430153
vt -0.01042415 0.118862
vt -0.04141939 0.1524548
vt -0.03963543 0.1053651
vt -0.02154892 0.1981755
vt -0.05880748 0.1432559
vt -0.03219175 0.1548022
vt 0.04772087 0.2277284
vt 0.03664369 0.1963189
vt 0.09411746 0.181237
vt -0.0388092 0.1800056
vt -0.07911263 0.1872423
vt -0.07800015 0.1570332
vt 0.03990285 0.1643078
vt 0.07693975 0.1194363
vt 0.09624171 0.1454231
vt -0.09005334 0.09845509
vt -0.05029 0.08867694
vt -0.04634856 0.1549252
vt -0.05308383 0.1848674
vt -0.02599448 0.1777739
vt -0.02532941 0.1933177
vt -0.06445019 0.0144588
vt -0.02945549 0.03475777
vt -0.05914832 0.04269541
vt 0.03643659 0.184958
vt 0.03886762 0.152757
vt 0.07853203 0.1447939
vt -0.0442861 0.1656472
vt -0.08376299 0.1573474
vt -0.09181359 0.1123544
vt 0.0802857 0.1487281
vt 0.07782954 0.1931714
vt 0.03789875 0.1989023
vt -0.04073931 0.1515478
vt -0.03102282 0.1655298
vt -0.04888049 0.1870407
vt -0.05909831 0.1747108
vt -0.05319215 0.2043578
vt -0.08220771 0.1904451
vt -0.007992106 0.1763769
vt -0.007925655 0.1763207
vt 0.007546692 0.1632248
vt 0.02197531 0.1921147
vt -0.008298745 0.1919319
vt -0.03241561 0.1050473
vt -0.058327 0.115841
vt -0.05355039 0.08950556
vt -0.03104358 0.1209065
vt -0.03108769 0.1209816
vt -0.05743955 0.1304542
vt -0.02510788 0.09831142
vt -0.03369385 0.1166738
vt -0.05559273 0.1022286
vt -0.008398117 0.1976635
vt 0.02187588 0.1978561
vt 0.02114707 0.2311537
vt 0.03295502 0.1858391
vt 0.02340791 0.1423638
vt 0.05310013 0.1432386
vt 0.04940837 0.1947218
vt 0.0197279 0.1935124
vt 0.03114136 0.1632203
vt -0.06432399 0.1665649
vt -0.03765955 0.1772618
vt -0.01859902 0.1960519
vt -0.0841208 0.09103498
vt -0.07685506 0.0756364
vt -0.05393082 0.1249795
vt -0.08090325 0.1650291
vt -0.07783342 0.2056058
vt -0.1026019 0.2053681
vt -0.001451588 0.00407934
vt -0.01118011 0.1022682
vt -0.03816329 0.09020732
vt -0.1011198 0.0590811
vt -0.05690353 0.141608
vt -0.05860259 0.1778286
vt 0.08933966 0.1890878
vt 0.05344899 0.1261456
vt 0.07819079 0.1343535
vt 0.08898786 0.1838463
vt 0.07008191 0.1312848
vt 0.07206631 0.03151858
vt 0.08191577 0.1201834
vt -0.06462841 0.168732
vt -0.04970926 0.135683
vt -0.02209828 0.1462277
vt 0.01697355 0.1315034
vt 0.02629237 0.14152
vt 0.01836229 0.1499247
vt 0.0907429 0.04224348
vt 0.07776119 0.1411814
vt 0.05289299 0.1333648
vt -0.07957016 0.1607777
vt -0.10621 0.2027038
vt -0.1108896 0.1877542
vt 0.005125994 0.03973554
vt 0.05794943 0.1410111
vt 0.03371543 0.1242406
vt 0.08997067 0.1891557
vt 0.07253318 0.1921679
vt 0.05276882 0.1269794
vt -0.03183591 0.1201253
vt -0.05360837 0.152172
vt -0.07342711 0.1443209
vt 0.07121138 0.05429991
vt 0.07176912 0.05400994
vt 0.08746967 0.04584706
vt 0.1055336 0.05536205
vt 0.1056917 0.0554453
vt 0.1024505 0.0631686
vt 0.07769073 0.06386779
vt 0.0719081 0.2057198
vt 0.07128726 0.2058184
vt 0.06208731 0.1759031
vt -0.08059178 0.1646177
vt -0.06064986 0.198076
vt -0.07769173 0.2052069
vt -0.05447562 0.1584843
vt -0.05656074 0.1854566
vt -0.07436474 0.1508133
vt 0.06426284 0.2083687
vt 0.0511608 0.2044305
vt 0.05680307 0.1779726
vt -0.01023134 0.2185321
vt -0.005956303 0.1874321
vt 0.01655823 0.1559023
vt 0.07399343 -0.00724898
vt 0.08370493 -0.005266941
vt 0.0759489 0.0008953881
vt 0.06690618 0.1333048
vt 0.07133819 0.1483296
vt 0.06145391 0.1475961
vt 0.06128871 0.1475981
vt 0.09822409 0.1703326
vt 0.09058018 0.1836529
vt 0.07043393 0.1803408
vt 0.05349351 0.118567
vt -0.07716002 0.1584878
vt -0.1070745 0.1870144
vt -0.09750809 0.1478507
vt -0.0766284 0.161235
vt -0.09707946 0.1507972
vt -0.09585954 0.03658005
vt 0.009519724 0.1591107
vt 0.0337466 0.1758915
vt 0.05525852 0.2099876
vt -0.1019849 0.205809
vt -0.1116922 0.2038341
vt -0.07985333 0.1657058
vt -0.2159679 0.1585334
vt -0.2409226 0.1639077
vt -0.1960676 0.1263212
vt -0.08867255 0.04551064
vt -0.1124615 0.03197617
vt -0.0768417 -0.03201858
vt -0.1697301 0.06924735
vt -0.1590465 0.08988471
vt -0.1604658 0.09608725
vt 0.1900616 0.1886953
vt 0.1556634 0.1238001
vt 0.1786543 0.1317767
vt 0.1779295 0.09283333
vt 0.1664108 -0.009151882
vt 0.1918491 0.09555148
vt -0.1627392 0.1374708
vt -0.1443864 0.1061979
vt -0.1198844 0.1183941
vt 0.1526762 -0.04769589
vt 0.1738804 -0.07915373
vt 0.198361 -0.08087449
vt 0.1992428 -0.08088958
vt 0.1910528 0.02685563
vt 0.181832 0.1290742
vt 0.1585964 0.1218413
vt -0.1790833 0.1572379
vt -0.2115422 0.1903869
vt -0.2014741 0.1431527
vt -0.06807672 -0.07220395
vt -0.06057639 -0.05996092
vt -0.06422694 -0.05752207
vt 0.19851 0.1784033
vt 0.1611957 0.1852486
vt 0.1602163 0.1157278
vt -0.1390217 0.07460423
vt -0.1630006 0.1398661
vt -0.1811312 0.09527409
vt 0.2086138 0.126899
vt 0.2038245 0.1357383
vt 0.1607384 0.08930163
vt 0.2077162 0.1257957
vt 0.2038286 0.1346914
vt 0.2029467 0.1346457
vt -0.1055482 0.2399772
vt -0.117864 0.2458199
vt -0.1037702 0.2245364
vt -0.2159237 0.1584237
vt -0.195986 0.1262346
vt -0.1734945 0.168794
vt -0.2269478 0.1128144
vt -0.2121374 0.1080997
vt -0.1703007 0.1206488
vt -0.15173 0.1841789
vt -0.1767919 0.237062
vt -0.1778491 0.2225224
vt 0.1899337 0.1078391
vt 0.1999807 0.1184021
vt 0.1864328 0.116894
vt -0.1743409 0.1633884
vt -0.1971666 0.1500193
vt -0.1790503 0.1236906
vt 0.1533453 0.09835131
vt 0.1722575 0.09702463
vt 0.201742 0.1352751
vt 0.1918618 0.09545943
vt 0.2046971 0.1442575
vt 0.1779425 0.09274003
vt -0.2098768 0.1451957
vt -0.1853602 0.1462929
vt -0.188178 0.1547647
vt -0.2024453 0.03128121
vt -0.1807466 0.01243312
vt -0.1904239 0.0722537
vt -0.183697 -0.007180759
vt -0.1896024 0.005136043
vt -0.19413 -0.006346943
vt -0.2090322 0.1323972
vt -0.2070777 0.06928941
vt -0.1886293 0.1077981
vt -0.1634028 0.08558522
vt -0.1327695 0.1521111
vt -0.1364093 0.1881884
vt -0.1477598 0.1498575
vt -0.1649656 0.09175316
vt 0.1374104 0.02964385
vt 0.1717262 0.08812808
vt 0.1528153 0.08947226
vt 0.08415137 0.08225636
vt 0.07087504 0.1361656
vt 0.04645427 0.1683234
vt 0.008827706 0.1297676
vt -0.0167703 0.09853873
vt -0.01263673 0.07183637
vt 0.1723154 0.02407921
vt 0.191641 0.08418687
vt 0.1604449 0.02398073
vt 0.1451632 -0.00551167
vt 0.03221338 0.05288342
vt 0.05039255 0.08068356
vt 0.04664908 0.1074434
vt -0.06343541 -0.03225342
vt -0.05099842 -0.05188406
vt -0.07783229 0.04484053
vt 0.1847899 0.02627931
vt 0.1821104 0.01253367
vt 0.1925531 0.01323658
vt -0.1883714 0.002954601
vt -0.1822833 -0.00927296
vt -0.1852894 0.01896125
vt 0.04453368 0.16776
vt 0.0855821 0.06813607
vt 0.08243297 0.08178177
vt -0.2045833 0.0335866
vt -0.1861202 -0.001939446
vt -0.1834226 0.01413645
vt -0.192329 -0.01066988
vt -0.1880219 0.0008975767
vt -0.2057604 0.03679087
vt 0.02620783 0.1128249
vt 0.008387147 0.06024266
vt 0.01224258 0.05814261
vt 0.182969 -0.002366662
vt 0.1892977 -0.01525445
vt 0.2040615 0.03180883
vt 0.1136066 0.2250812
vt 0.1256135 0.1760727
vt 0.1323332 0.1791404
vt -0.09096609 0.2121416
vt -0.07184649 0.2725337
vt -0.09729348 0.2159535
vt 0.2042745 0.1396912
vt 0.1797539 0.1406952
vt 0.1602207 0.09417155
vt -0.1937146 0.1391537
vt -0.2180449 0.1359435
vt -0.2148604 0.1284177
vt -0.1065086 0.2640485
vt -0.1140182 0.2672707
vt -0.1253978 0.2049547
vt 0.1433831 0.1773309
vt 0.1343662 0.2269765
vt 0.1260207 0.2238044
vt -0.1725899 0.09014926
vt -0.1727349 0.09002888
vt -0.1680776 0.08272184
vt -0.2115048 0.1221508
vt -0.1813652 0.1233561
vt -0.1902889 0.1381065
vt 0.1312516 0.08254655
vt 0.09461636 0.07011
vt 0.09722237 0.05237759
vt -0.1124905 0.2075399
vt -0.1182362 0.1876366
vt -0.09227875 0.186794
vt 0.1883379 0.1410026
vt 0.1598116 0.1346859
vt 0.195384 0.1245228
vt -0.1814347 0.1271278
vt -0.2115751 0.1259407
vt -0.1865445 0.1094563
vt -0.004517988 0.2316188
vt 0.0158996 0.2335558
vt 0.003963872 0.2466276
vt -0.002104973 0.2231207
vt 0.005867105 0.2418069
vt -0.008462213 0.2360719
vt 0.1895756 0.1343494
vt 0.1754472 0.1423089
vt 0.1610656 0.1279598
vt -0.1140873 0.235709
vt -0.08794767 0.2057093
vt -0.08775956 0.2057207
vt 0.1540296 0.18537
vt 0.1528566 0.1619948
vt 0.1639923 0.166017
vt 0.08470098 0.07673221
vt 0.07213104 0.07642423
vt 0.07784155 0.06053211
vt -0.08015426 0.05368288
vt -0.09888554 0.04494181
vt -0.08141879 0.03684334
vt 0.1520599 -0.01198572
vt 0.1422674 -0.01476495
vt 0.1502651 -0.02887187
vt 0.08006667 0.2374239
vt 0.05413346 0.2421277
vt 0.070095 0.2288147
vt 0.0405808 0.02541391
vt 0.03491592 0.0313453
vt 0.01451035 0.02928547
vt -0.05951424 0.2300944
vt -0.06911089 0.2334885
vt -0.07165337 0.2205623
vt 0.1414864 0.03374311
vt 0.123902 -0.001967284
vt 0.1591679 0.01394256
vt 0.1638563 0.05586176
vt 0.1839943 0.067788
vt 0.145786 0.06209796
vt 0.1458616 0.06149294
vt 0.1840678 0.06719697
vt 0.1489432 0.07881341
vt 0.07118917 0.2148751
vt 0.06894957 0.2291275
vt 0.05292298 0.2423621
vt 0.06681834 0.2116309
vt 0.07938477 0.2120587
vt 0.06217708 0.2402205
vt 0.1950361 0.1222821
vt 0.1892342 0.1055587
vt 0.1932776 0.09842265
vt 0.1963847 0.1368794
vt 0.1814142 0.173762
vt 0.1859421 0.1502703
vt -0.1322462 0.175119
vt -0.128047 0.1640488
vt -0.1200868 0.1771347
vt -0.1055811 0.2244592
vt -0.1109101 0.2126458
vt -0.09859581 0.2131666
vt -0.1758147 0.1367233
vt -0.1707801 0.144587
vt -0.1809443 0.1468657
vt -0.1624293 -0.006301784
vt -0.1710152 -0.005133254
vt -0.1709099 -0.02739269
vt -0.1528543 0.07274237
vt -0.1586567 0.08229399
vt -0.1615196 0.07340643
vt -0.1874772 0.1112667
vt -0.1773647 0.1087686
vt -0.1822437 0.128902
vt -0.09527688 0.09819321
vt -0.1212354 0.09900246
vt -0.1143418 0.09020592
vt -0.1509964 0.1508721
vt -0.1559148 0.1611186
vt -0.1817689 0.176279
vt -0.160357 0.1380466
vt -0.1434492 0.1368547
vt -0.1324865 0.1419942
vt -0.1424727 0.1862251
vt -0.1347412 0.1942341
vt -0.1516132 0.1958568
vt -0.1900905 0.06717139
vt -0.1973231 0.05746145
vt -0.1979553 0.04634742
vt -0.1669987 0.1929054
vt -0.1648657 0.162644
vt -0.1370173 0.1667448
vt 0.0757219 0.1498684
vt 0.0863151 0.1573343
vt 0.09384389 0.1867217
vt -0.01775433 0.1886804
vt 0.002057331 0.1796643
vt 0.01711768 0.217871
vt -0.1467987 -0.09086753
vt -0.1331806 -0.09787843
vt -0.1268096 -0.07985518
vt -0.1731617 -0.02332278
vt -0.1513348 -0.01665809
vt -0.1642729 -0.002400612
vt -0.009578714 0.1547014
vt -0.03561287 0.1922701
vt -0.04038022 0.1453884
vt -0.05453574 0.1792789
vt -0.03441685 0.1160365
vt -0.02703163 0.1440931
vt 0.05479582 0.1865257
vt 0.02789923 0.1668831
vt 0.0667749 0.1219455
vt -0.03981579 0.09689444
vt -0.07092948 0.07027351
vt -0.04683838 0.05201299
vt 0.03376223 0.1935933
vt 0.04867574 0.1373548
vt 0.07706644 0.1529061
vt -0.0558712 0.1166178
vt -0.01789401 0.1319302
vt -0.05342494 0.187983
vt -0.04081127 0.159344
vt -0.01479857 0.1697117
vt -0.02348821 0.1826169
vt 0.02190994 0.06257726
vt 0.01474353 0.1023933
vt -0.002832661 0.0771793
vt 0.03207302 0.1938867
vt 0.0175776 0.1650303
vt 0.04748051 0.1377816
vt -0.05452838 0.1899812
vt -0.08052318 0.1591335
vt -0.05916197 0.1187245
vt 0.03646193 0.1055041
vt 0.06560092 0.1391516
vt 0.04088924 0.1710365
vt 0.04501835 0.03070216
vt 0.05236302 0.01534107
vt 0.07989146 0.02021935
vt -0.05183148 0.05408318
vt -0.06235735 0.08242103
vt -0.07975991 0.05535415
vt -0.006628886 0.1607898
vt -0.006545569 0.1607646
vt 0.01285445 0.154888
vt 0.0146272 0.1871319
vt -0.01308603 0.1749446
vt -0.01001561 0.1383521
vt -0.03550269 0.1265915
vt -0.0128878 0.1122758
vt -0.01101286 0.1495355
vt -0.01109636 0.1495601
vt -0.0368059 0.1384619
vt 0.007737587 0.1339236
vt -0.01160838 0.1399758
vt -0.01572211 0.1140663
vt -0.01946669 0.134184
vt 0.005694238 0.1510208
vt -0.01325561 0.1784099
vt 0.03199437 0.1849347
vt -0.0009254357 0.1549759
vt 0.0238099 0.1385273
vt 0.07511347 0.1094225
vt 0.06019107 0.1351074
vt 0.03872786 0.1108751
vt -0.04868972 0.06982683
vt -0.02789403 0.08964992
vt -0.01716153 0.114169
vt -0.01450736 0.04272263
vt 0.002370619 0.04496786
vt -0.03767799 0.0817967
vt -0.05150082 0.1140519
vt -0.07354393 0.1369481
vt -0.07160915 0.1042381
vt -0.06623425 0.1538431
vt -0.03363988 0.1211758
vt -0.03802058 0.1408681
vt 0.04412225 0.1238365
vt 0.02146459 0.1190441
vt 0.03331345 0.07946227
vt -0.001475495 0.06417665
vt -0.01064341 0.03721993
vt 0.01024175 0.03484233
vt 0.05790745 0.1501106
vt 0.05428439 0.1098163
vt 0.07653309 0.1132296
vt -0.05969604 0.1115445
vt -0.03877665 0.1308602
vt -0.07569324 0.1585497
vt 0.002755607 0.1348411
vt 0.01853969 0.1462431
vt 0.0104917 0.1534724
vt 0.06111632 0.0923233
vt 0.05644159 0.120063
vt 0.0440257 0.1026676
vt 0.0467258 0.1503558
vt 0.02989382 0.1354934
vt 0.0421261 0.1101612
vt -0.07451443 0.1593027
vt -0.08342877 0.1327066
vt -0.0592782 0.1120454
vt -0.008701894 0.09568048
vt 0.01796606 0.1113892
vt 0.008755287 0.1378841
vt 0.06586601 0.03021793
vt 0.0568491 0.02254541
vt 0.06503084 0.004910921
vt 0.004942487 -0.007459553
vt -0.01571609 -0.003578022
vt -0.005822252 -0.02364709
vt 0.03933721 0.1154733
vt 0.03939604 0.115459
vt 0.05309225 0.1121297
vt 0.05307547 0.1345842
vt 0.03430655 0.1250507
vt 0.03565884 0.1355659
vt 0.01894063 0.1254933
vt 0.03566299 0.1173242
vt 0.033357 0.1406839
vt 0.0332972 0.1406933
vt 0.01657403 0.1307195
vt 0.04664432 0.132935
vt 0.03272551 0.1351571
vt 0.03249618 0.1169168
vt 0.008360329 0.09887546
vt 0.01992262 0.1164673
vt 0.0003744666 0.1288853
vt -0.01190777 0.1547503
vt -0.03814256 0.1383283
vt -0.02325485 0.1240105
vt 0.06543867 0.09752729
vt 0.06718928 0.1181083
vt 0.04529765 0.1128727
vt -0.01333295 -0.004542868
vt -0.01342735 0.01543427
vt -0.02069999 0.03256552
vt 0.03862751 0.07047825
vt 0.04992702 0.07401284
vt 0.01812943 0.09451208
vt 0.1575395 -0.02252802
vt 0.1626083 -0.01294834
vt 0.1624153 -0.01281287
vt 0.04026002 0.1676965
vt 0.05843998 0.1561012
vt 0.06083985 0.1937529
vt -0.1661927 -0.09623449
vt -0.1451339 -0.08854865
vt -0.1532542 -0.040844
vt 0.03368368 -0.02489773
vt 0.04458406 0.00570294
vt 0.0187863 0.008124932
vt -0.1805626 -0.1569799
vt -0.139658 -0.1353458
vt -0.1762005 -0.1349908
vt 0.1084707 0.1460622
vt 0.09406915 0.1806727
vt 0.08556236 0.1439161
vt -0.06369157 -0.0695124
vt -0.05899466 -0.09114869
vt -0.04224207 -0.0717218
vt -0.0678357 -0.06221052
vt -0.08335322 -0.07369475
vt -0.05822717 -0.07748503
vt -0.1399752 -0.1309604
vt -0.1612824 -0.1171154
vt -0.1765166 -0.1305063
vt 0.0890348 -0.1166989
vt 0.08922662 -0.116836
vt 0.13686 -0.1024142
vt 0.1202397 0.04673754
vt 0.1114767 0.03479943
vt 0.1399361 0.02794198
vt 0.1042624 -0.1765836
vt 0.08694527 -0.1644901
vt 0.08246088 -0.1795642
vt 0.1615316 -0.1000926
vt 0.1616489 -0.07601188
vt 0.1417942 -0.0925716
vt -0.2055205 -0.09170703
vt -0.1855736 -0.08803014
vt -0.1907826 -0.07641254
vt -0.1123626 -0.08839627
vt -0.1079784 -0.06277148
vt -0.1288399 -0.08829708
vt 0.130278 -0.1145318
vt 0.124444 -0.1395121
vt 0.130891 -0.147492
vt -0.111894 -0.00968324
vt -0.1283712 -0.009575617
vt -0.1266046 -0.02218438
vt -0.1987876 -0.0460309
vt -0.1912601 -0.09383267
vt -0.1659518 -0.05095768
vt 0.1460175 -0.1326389
vt 0.1505285 -0.180745
vt 0.1589933 -0.1527216
vt 0.1287108 -0.1387987
vt 0.1541883 -0.1774267
vt 0.1486216 -0.1294314
vt -0.1069657 -0.06301722
vt -0.1113306 -0.08864532
vt -0.1018068 -0.1039729
vt -0.1127811 -0.06320508
vt -0.1078072 -0.1041836
vt -0.09514813 -0.09485167
vt -0.1933369 -0.07280621
vt -0.1852723 -0.0664654
vt -0.1840542 -0.0443587
vt -0.1856308 -0.08689477
vt -0.1783973 -0.05785846
vt -0.199573 -0.102918
vt 0.1689264 -0.03077491
vt 0.1737295 -0.05034503
vt 0.1846442 -0.04033615
vt 0.1288747 -0.09737124
vt 0.1447976 -0.106587
vt 0.1437447 -0.08997367
vt 0.1868244 -0.0609354
vt 0.1751848 -0.06678925
vt 0.1836831 -0.07480009
vt 0.2092236 -0.07057139
vt 0.1913813 -0.05246793
vt 0.185269 -0.06141797
vt 0.1810928 -0.04210726
vt 0.1700437 -0.03832401
vt 0.1752726 -0.05128784
vt 0.08668539 0.142045
vt 0.1101298 0.131011
vt 0.1096083 0.1440293
vt 0.1458667 -0.05889576
vt 0.1401818 -0.04612534
vt 0.1258741 -0.07528885
vt 0.1772207 -0.1217772
vt 0.141585 -0.1334129
vt 0.1328434 -0.1446237
vt 0.07439934 -0.1794685
vt 0.08291616 -0.1919905
vt 0.09895529 -0.1999879
vt 0.1561082 -0.1080862
vt 0.1387297 -0.1037045
vt 0.1413735 -0.1157497
vt 0.1976598 -0.08317972
vt 0.1936181 -0.07152891
vt 0.1800056 -0.06489269
vt 0.1160354 -0.1471794
vt 0.1441648 -0.1624365
vt 0.1620854 -0.1283028
vt 0.0103091 -0.07348911
vt -0.01964465 -0.09775899
vt -0.02079817 -0.1143656
vt 0.01660695 -0.07791352
vt -0.01430123 -0.1189408
vt 0.008259987 -0.1341793
vt 0.1821569 -0.06434242
vt 0.2056919 -0.06856023
vt 0.2035228 -0.0485264
vt 0.1854569 -0.06096085
vt 0.1873329 -0.0849687
vt 0.2093995 -0.07014583
vt -0.1545433 -0.0243031
vt -0.170217 -0.04918944
vt -0.1532243 -0.05970765
vt 0.231016 -0.01447273
vt 0.2120468 -0.02248632
vt 0.2523222 -0.04165876
vt 0.2920925 -0.08233503
vt 0.2639963 -0.07491448
vt 0.2748237 -0.1077139
vt -0.3146245 -0.03374131
vt -0.2776332 -0.04048142
vt -0.2714306 -0.007753576
vt -0.3320862 -0.00198368
vt -0.292155 -0.0056087
vt -0.3056054 0.009984021
vt 0.3377318 0.03920718
vt 0.3186715 0.04650255
vt 0.3329521 0.01980261
vt 0.2623076 -0.1121155
vt 0.2821757 -0.1167816
vt 0.2805357 -0.08741651
vt -0.3340061 -0.01666324
vt -0.3344255 -0.03275098
vt -0.29914 -0.03073939
vt -0.01710149 -0.05555525
vt -0.002943114 -0.04790466
vt -0.02001273 -0.02024596
vt -0.3312716 -0.004393277
vt -0.3314997 -0.0368944
vt -0.291235 -0.006565826
vt 0.2165738 -0.01241617
vt 0.2236531 -0.04496563
vt 0.2569056 -0.03146962
vt 0.3242278 0.008456429
vt 0.2998773 -0.01790496
vt 0.3351706 -0.01977613
vt 0.3323525 -0.08337186
vt 0.3321093 -0.08365769
vt 0.3437492 -0.09639577
vt -0.2960552 -0.1744938
vt -0.3558421 -0.1687001
vt -0.3422365 -0.2002194
vt -0.2942133 -0.1396445
vt -0.292453 -0.2166677
vt -0.2572093 -0.2223008
vt 0.05231001 -0.23924
vt 0.01332526 -0.2257484
vt 0.008955989 -0.2772816
vt 0.1686547 0.2325608
vt 0.1528248 0.2885482
vt 0.1367001 0.2166625
vt -0.3573274 -0.1641588
vt -0.2975989 -0.1705265
vt -0.3421549 -0.1308165
vt 0.0008398598 -0.04204273
vt 0.01263827 -0.08114295
vt 0.03347149 -0.05270863
vt -0.1115659 -0.1496285
vt -0.07251368 -0.1601927
vt -0.08777915 -0.1335162
vt 0.2371128 0.1882749
vt 0.2576805 0.2131703
vt 0.2346102 0.2464034
vt 0.05752262 0.08606087
vt 0.1358265 0.09818556
vt 0.1360073 0.09851439
vt 0.2194097 -0.2477978
vt 0.2562148 -0.2192039
vt 0.2356786 -0.2076211
vt 0.2772546 0.03290595
vt 0.2794423 0.05784908
vt 0.2467227 0.05008507
vt 0.3253273 -0.1711095
vt 0.2985011 -0.1398894
vt 0.292358 -0.1777335
vt -0.3653009 -0.1142667
vt -0.3750041 -0.132064
vt -0.3437964 -0.1403641
vt -0.1326293 -0.0470254
vt -0.1475211 0.0033028
vt -0.1568786 -0.03701565
vt 0.333247 -0.08042068
vt 0.3457936 -0.06996351
vt 0.3444461 -0.02914423
vt -0.20703 -0.2207018
vt -0.1966837 -0.2032705
vt -0.2209485 -0.1932984
vt -0.3849267 -0.09971619
vt -0.342858 -0.1668981
vt -0.3328722 -0.09050472
vt 0.3061467 0.03826657
vt 0.3016159 -0.00811979
vt 0.3374259 0.05996277
vt 0.3385176 0.05761126
vt 0.3023148 -0.01026322
vt 0.3625644 0.03213437
vt -0.1778167 -0.05394756
vt -0.1543727 -0.03734056
vt -0.1449441 0.002961343
vt -0.2034175 -0.02671359
vt -0.1905017 -0.04816417
vt -0.1581682 0.009052734
vt -0.3450681 0.02296065
vt -0.3497157 -0.01198122
vt -0.33898 -0.02429047
vt -0.264172 0.00463722
vt -0.2749486 0.08316772
vt -0.277748 0.03560833
vt 0.2789247 -0.1291805
vt 0.300045 -0.1396606
vt 0.298735 -0.107605
vt 0.1851241 -0.008080572
vt 0.1933534 -0.03327369
vt 0.2114763 -0.01026266
vt 0.1389617 0.3133759
vt 0.1350841 0.331561
vt 0.1174986 0.3205598
vt 0.3719983 -0.08799274
vt 0.3611074 -0.07460866
vt 0.335215 -0.1057097
vt 0.3268385 -0.1732163
vt 0.3374076 -0.1536306
vt 0.3192555 -0.1576598
vt -0.336209 -0.1464449
vt -0.3558058 -0.1396448
vt -0.3498071 -0.1804597
vt 0.2748936 -0.2203636
vt 0.2634944 -0.1699174
vt 0.2499781 -0.1875983
vt 0.06911594 0.2804156
vt 0.04667213 0.2833397
vt -0.00671787 0.2566633
vt -0.06904016 0.2054878
vt -0.06026292 0.2326385
vt -0.06501302 0.2562767
vt 0.2155795 0.03492319
vt 0.2121774 0.05425989
vt 0.1892426 0.03728335
vt 0.3419147 -0.007747401
vt 0.3229564 -0.02264397
vt 0.3205763 -0.04213287
vt 0.02400411 0.2117888
vt 0.07854711 0.183639
vt 0.1012988 0.2292252
vt -0.03027845 -0.1181508
vt -0.0422698 -0.09451557
vt -0.1012446 -0.07750622
vt -0.0480117 -0.1443423
vt -0.02452487 -0.1079114
vt -0.09545407 -0.06720231
vt 0.3337218 -0.1069995
vt 0.3349516 -0.1390583
vt 0.3710439 -0.1269562
vt 0.3350036 -0.1077778
vt 0.371869 -0.1285659
vt 0.3718661 -0.09022644
vt -0.1374002 0.09048999
vt -0.125798 0.1275878
vt -0.1270401 0.1290602
vt -0.1386422 0.09196243
vt 0.1662042 0.04365562
vt 0.1401309 0.1461802
vt 0.1269752 0.1413921
vt -0.1723035 0.02595697
vt -0.152505 0.02608659
vt -0.1767168 0.06457532
vt 0.06219756 0.031733
vt 0.07199597 0.06934743
vt 0.03901216 0.03477002
vt -0.2291719 0.04721154
vt -0.1969358 -0.06626661
vt -0.1943729 -0.06292122
vt 0.1048066 0.1968327
vt 0.1204512 0.1541379
vt 0.1335221 0.1591533
vt -0.1722459 0.01682491
vt -0.1049269 -0.07702789
vt -0.1524474 0.01695691
vt 0.04596039 0.08940702
vt -0.005425085 -0.005994641
vt 0.06915238 0.08642071
vt -0.04683119 0.1583832
vt -0.04789972 0.1599861
vt -0.1105167 0.05908262
vt 0.08852337 0.1450334
vt 0.05733016 0.1812344
vt 0.05620422 0.1796713
vt 0.2083569 -0.03190868
vt 0.2112955 -0.03492944
vt 0.225038 0.07255585
vt -0.09802256 -0.03675504
vt -0.13891 -0.02968067
vt -0.1116083 -0.06261661
vt -0.1828938 -0.1599583
vt -0.1236629 -0.1709864
vt -0.142944 -0.1530434
vt 0.1525437 -0.07559305
vt 0.1150241 -0.08098972
vt 0.12966 -0.1329095
vt -0.1736276 -0.1050303
vt -0.1930139 -0.136749
vt -0.1670882 -0.1457493
vt 0.1922591 -0.1036188
vt 0.1656355 -0.1492381
vt 0.1938262 -0.1575392
vt -0.119097 -0.1910389
vt -0.1083342 -0.1554571
vt -0.1682054 -0.1487216
vt -0.1030893 0.08422583
vt -0.07790869 0.08771954
vt -0.0827679 0.1009815
vt -0.008745132 -0.1852474
vt -0.01671689 -0.1477495
vt -0.04213482 -0.15926
vt 0.1591386 -0.09661339
vt 0.1154308 -0.105157
vt 0.1299513 -0.1406365
vt -0.176629 -0.1481868
vt -0.1695423 -0.1841166
vt -0.1287905 -0.1919347
vt 0.09099857 -0.1152202
vt 0.1335883 -0.0877736
vt 0.1129317 -0.05753332
vt -0.03350487 -0.2251083
vt -0.06856345 -0.2185364
vt -0.07368021 -0.2433959
vt -0.1774656 -0.1447603
vt -0.2028971 -0.1344459
vt -0.1954309 -0.1626886
vt 0.06902353 0.08467162
vt 0.06906141 0.08460229
vt 0.07788429 0.06846107
vt 0.1202853 0.08207206
vt 0.07381257 0.09794907
vt -0.06128647 -0.0505827
vt -0.0866929 -0.05255134
vt -0.07195967 -0.07187334
vt -0.06309196 -0.02652491
vt -0.06315663 -0.02647946
vt -0.08849294 -0.02856252
vt -0.0590122 -0.05523364
vt -0.07426091 -0.04493209
vt -0.08458588 -0.06639377
vt 0.1932066 0.005993321
vt 0.2039462 -0.04193079
vt 0.2288408 -0.01334589
vt 0.01627336 0.07411962
vt -0.01881101 0.03756434
vt 0.02913376 0.03331805
vt 0.02183983 -0.2457228
vt 0.06906407 -0.2364167
vt 0.05139409 -0.212935
vt -0.1305327 -0.0238662
vt -0.1015203 0.00693139
vt -0.09665863 0.03073836
vt -0.04261965 -0.1353356
vt -0.007176819 -0.1393481
vt -0.05445547 -0.09582978
vt 0.01780844 0.1826007
vt 0.01781151 0.1828688
vt 0.005598856 0.1845516
vt -0.1605359 0.1638311
vt -0.1177442 0.1605805
vt -0.1279308 0.1828926
vt -0.0527202 0.01142301
vt -0.1071405 0.003162516
vt -0.1079233 -0.02232499
vt 0.0537039 0.165747
vt 0.05011668 0.1364927
vt 0.08677115 0.1411572
vt 0.1926046 0.1241916
vt 0.1541127 0.1084974
vt 0.206435 0.1027686
vt -0.1180401 0.1577871
vt -0.1608337 0.1610136
vt -0.1281377 0.1336416
vt 0.128794 0.1676635
vt 0.1561947 0.1776951
vt 0.1350526 0.191379
vt 0.1503172 0.1652585
vt 0.1540099 0.1939254
vt 0.1366067 0.1805342
vt 0.1889982 0.133157
vt 0.1673037 0.1410083
vt 0.1504926 0.1174964
vt -0.1881922 0.1527285
vt -0.16456 0.1012861
vt -0.1642987 0.1012261
vt 0.01321551 0.2531285
vt 0.007655492 0.2202974
vt 0.02406077 0.2241212
vt 0.1927011 0.1159639
vt 0.1754927 0.1110762
vt 0.1890031 0.09120915
vt 0.121971 0.01042682
vt 0.09860773 -0.007434387
vt 0.1253508 -0.01335993
vt -0.04741102 -0.1334863
vt -0.06185828 -0.1344934
vt -0.0548465 -0.1564736
vt 0.1822399 0.1604075
vt 0.1452934 0.1539989
vt 0.1731323 0.1440261
vt 0.1964013 0.08749616
vt 0.1862521 0.09325501
vt 0.1592957 0.08208419
vt 0.08077758 0.236406
vt 0.06630733 0.2369972
vt 0.06826998 0.2183573
vt -0.05168126 -0.0512082
vt -0.08629711 -0.09602933
vt -0.03262539 -0.08381662
vt 0.187391 0.1186564
vt 0.2120346 0.1410502
vt 0.1604211 0.1221655
vt 0.1602586 0.1225111
vt 0.2118613 0.141425
vt 0.1595817 0.1475314
vt 0.1827918 0.1267617
vt 0.1728674 0.1447293
vt 0.1450036 0.1546324
vt 0.1684805 0.113539
vt 0.1849978 0.1204089
vt 0.1479672 0.1492785
vt 0.1195618 -0.03430422
vt 0.1144635 -0.05896686
vt 0.1214846 -0.06828756
vt 0.1999566 -0.0109363
vt 0.1659693 0.03436332
vt 0.1807288 0.003692132
vt -0.0776173 0.2177228
vt -0.09082349 0.2072657
vt -0.069708 0.1983483
vt -0.1899683 0.1210769
vt -0.2053392 0.1100191
vt -0.185748 0.1026625
vt -0.1372562 0.07421728
vt -0.1286715 0.08435529
vt -0.1425741 0.08948839
vt 0.02839858 -0.1226447
vt 0.01610147 -0.1235175
vt 0.02365546 -0.1514259
vt 0.02491429 -0.03474331
vt 0.01516543 -0.02218216
vt 0.01255858 -0.03520833
vt -0.1263948 0.1334872
vt -0.1124883 0.1283646
vt -0.1162211 0.1576008
vt 0.1000053 0.03511689
vt 0.06340922 0.03001424
vt 0.07518984 0.0193353
vt -0.1595072 0.07670135
vt -0.1636757 0.09232536
vt -0.1958136 0.1203505
vt -0.2021757 0.0935372
vt -0.18257 0.08795
vt -0.1658109 0.09193353
vt -0.195254 0.06810254
vt -0.184364 0.07694408
vt -0.20293 0.08536459
vt -0.1307557 -0.05556075
vt -0.1452547 -0.06486196
vt -0.1482766 -0.0785599
vt -0.1998958 0.1224581
vt -0.2025789 0.07868812
vt -0.1662201 0.07695255
vt -0.1569757 0.1190189
vt -0.1393578 0.1259582
vt -0.1232922 0.1667614
vt -0.1859028 0.139628
vt -0.1614353 0.1206444
vt -0.128047 0.1685938
vt -0.1288301 0.1349714
vt -0.1516421 0.1372075
vt -0.1543536 0.118466
vt 0.04225164 -0.1490384
vt 0.06818566 -0.1334906
vt 0.04437676 -0.1199465
vt 0.1807128 0.07227013
vt 0.1537199 0.07559717
vt 0.1476837 0.05537626
vt -0.03074442 0.1123762
vt -0.06049475 0.1069703
vt -0.02434875 0.09226614
vt 0.1933498 -0.003215984
vt 0.2091538 0.01338577
vt 0.184975 0.02583859
vt -0.1486994 0.1139628
vt -0.1258036 0.1128826
vt -0.1229622 0.1301329
vt -0.06717783 0.09089284
vt -0.06118283 0.07447009
vt -0.03099895 0.07626982
vt 0.1539694 0.04390594
vt 0.1811549 0.04310827
vt 0.186799 0.06118425
vt -0.2182594 -0.1307546
vt -0.2292691 -0.0945434
vt -0.2449008 -0.1302958
vt -0.03964631 -0.04605033
vt 0.003660371 -0.07987951
vt -0.00440244 -0.05724949
vt -0.1089885 -0.1815756
vt -0.1359602 -0.1758226
vt -0.1422275 -0.2246239
vt 0.2128855 -0.06955337
vt 0.2261085 -0.1007754
vt 0.2465523 -0.08633165
vt 0.06702641 -0.1809962
vt 0.06286113 -0.2289933
vt 0.08934291 -0.2248462
vt -0.08669538 -0.1778414
vt -0.06078871 -0.1559666
vt -0.1032454 -0.1210766
vt 0.170572 -0.05641725
vt 0.1802674 -0.03535407
vt 0.1676897 -0.03256731
vt 0.2398201 -0.08984284
vt 0.220615 -0.06239539
vt 0.2161509 -0.08745113
vt -0.002499798 -0.1796753
vt -0.02482354 -0.1943946
vt -0.014622 -0.2263027
vt -0.08915628 -0.119266
vt -0.1000813 -0.1508321
vt -0.07156409 -0.1757165
vt -0.2196995 -0.1494576
vt -0.1828689 -0.1480588
vt -0.177554 -0.1150811
vt 0.1609112 0.06127801
vt 0.1563543 0.04793594
vt 0.1754641 0.0348695
vt 0.230547 0.02166227
vt 0.2160072 0.001286706
vt 0.2426448 0.001924963
vt 0.2006688 0.02188916
vt 0.200731 0.02192556
vt 0.2152191 0.03040058
vt 0.1966336 0.04962524
vt 0.1884376 0.02593423
vt 0.2246393 -0.08459022
vt 0.2126182 -0.1044831
vt 0.2347705 -0.1038059
vt 0.2245425 -0.08470576
vt 0.2244744 -0.08472939
vt 0.2125089 -0.104591
vt 0.2407323 -0.07972565
vt 0.2248811 -0.08524595
vt 0.2349289 -0.1045055
vt 0.07225191 0.1055498
vt 0.06649007 0.1299474
vt 0.03975155 0.1231929
vt -0.1864499 -0.05505331
vt -0.2232819 -0.05641481
vt -0.2164237 -0.08003647
vt 0.04977975 -0.02596397
vt 0.05423466 -0.001773641
vt 0.02768307 -0.005447318
vt 0.2556674 -0.01240765
vt 0.2329708 -0.005279127
vt 0.2109027 -0.0073245
vt 0.2429425 -0.09049628
vt 0.252402 -0.08004197
vt 0.2073866 -0.07821858
vt -0.04766416 0.02759173
vt -0.0209091 0.01606182
vt -0.01321642 0.0343023
vt 0.03108147 -0.0506298
vt 0.02848838 -0.03039691
vt -0.0005316959 -0.06371661
vt 0.129119 0.2357599
vt 0.1040857 0.221549
vt 0.1344747 0.2058276
vt 0.01972886 0.265915
vt 0.018201 0.2287004
vt 0.05115939 0.2271138
vt 0.2145975 0.07904325
vt 0.1754752 0.0858943
vt 0.1874753 0.06939915
vt -0.230144 0.0852471
vt -0.2119541 0.0764249
vt -0.2237752 0.1039909
vt 0.1147141 0.2162517
vt 0.1305788 0.2287823
vt 0.1067969 0.2456106
vt -0.2197006 0.1616205
vt -0.2206918 0.1457098
vt -0.1856896 0.1464379
vt -0.03096803 0.1377008
vt -0.03982275 0.150957
vt -0.06552266 0.1315642
vt 0.2004897 -0.01503611
vt 0.2071783 0.01645713
vt 0.1620711 -0.004961253
vt 0.03934221 -0.03711656
vt 0.006354275 -0.03636234
vt 0.01161511 -0.07151969
vt -0.2067315 0.07231271
vt -0.1845548 0.1000959
vt -0.2195582 0.09942548
vt 0.1195937 -0.1655287
vt 0.06265457 -0.1985446
vt 0.1127629 -0.2073065
vt 0.137931 0.09132064
vt 0.1621276 0.1058235
vt 0.1027074 0.1115774
vt 0.1658116 0.07640462
vt 0.1887205 0.0274366
vt 0.2150174 0.04249347
vt -0.3306933 0.08320539
vt -0.3493063 0.08097465
vt -0.3486649 0.05040733
vt -0.1654972 -0.04891049
vt -0.2069443 -0.0574253
vt -0.150493 -0.1008485
vt 0.09284052 0.01051278
vt 0.1522841 0.005006222
vt 0.1629284 0.03366757
vt -0.1495019 0.2647853
vt -0.1354521 0.2630612
vt -0.1364191 0.2897783
vt -0.3481279 0.003516846
vt -0.3277772 -0.01566234
vt -0.3474714 0.0356304
vt -0.04078099 0.1585705
vt -0.01341243 0.1109284
vt 0.01566489 0.1151403
vt 0.1553458 0.05661277
vt 0.1048988 0.06314817
vt 0.08526739 0.03342951
vt 0.3035235 0.10554
vt 0.2999881 0.1409814
vt 0.2593997 0.1458422
vt -0.2351559 0.07385172
vt -0.2458495 0.04482067
vt -0.2353121 0.04533685
vt -0.3179317 0.09158795
vt -0.3461929 0.06007049
vt -0.3275668 0.06218862
vt 0.2838367 -0.2086311
vt 0.2728023 -0.1833931
vt 0.2541141 -0.2060643
vt 0.2707193 -0.2140893
vt 0.2707907 -0.2141238
vt -0.3341624 0.07457861
vt -0.3548792 0.07027338
vt -0.3364643 0.05082135
vt -0.3608097 0.05117832
vt -0.3416283 0.03255533
vt -0.3415495 0.0325629
vt -0.3408967 0.05764539
vt -0.3419877 0.03380181
vt -0.3236371 0.03564324
vt 0.3266988 0.1087002
vt 0.316983 0.07999761
vt 0.3432075 0.07157201
vt 0.2881491 0.2055363
vt 0.2833891 0.1590549
vt 0.3232143 0.1498358
vt -0.226015 0.04068687
vt -0.1844634 0.04867637
vt -0.2264396 0.069199
vt -0.3492469 0.06168454
vt -0.3284111 0.06537122
vt -0.3218023 0.09680425
vt -0.267927 0.03365595
vt -0.2362938 0.06505563
vt -0.2468311 0.06453728
vt -0.1230218 0.0804169
vt -0.1575502 0.04432642
vt -0.1352409 0.02415452
vt 0.1164092 0.2396365
vt 0.1258585 0.2300689
vt 0.1079892 0.2708771
vt 0.3005137 -0.03532799
vt 0.2908438 -0.07727652
vt 0.3209584 -0.08013541
vt -0.3106505 0.01417633
vt -0.3468851 0.001135162
vt -0.32707 -0.02844917
vt 0.3051264 0.1655717
vt 0.288345 0.1268243
vt 0.3219594 0.1259505
vt -0.0226301 0.234086
vt 0.002896185 0.1975753
vt 0.02460485 0.2257994
vt 0.3310936 -0.05813382
vt 0.3198946 -0.05941116
vt 0.3253558 -0.07029551
vt -0.1372497 -0.1546652
vt -0.1149947 -0.1539235
vt -0.113551 -0.1185257
vt 0.2863201 0.0713816
vt 0.3084442 0.04371191
vt 0.31994 0.07076015
vt 0.01458677 0.1801874
vt -0.006770361 0.2013648
vt -0.03273668 0.1879526
vt 0.2446142 -0.167636
vt 0.2654732 -0.1471655
vt 0.2363879 -0.1190765
vt -0.1792447 0.2180836
vt -0.155935 0.1703521
vt -0.1135927 0.1691372
vt -0.3479173 0.1117224
vt -0.3574655 0.05494576
vt -0.3206223 0.06615249
vt 0.3295169 -0.05268618
vt 0.3261245 -0.01363959
vt 0.318259 -0.05380503
vt 0.3183053 -0.05384764
vt 0.1903347 -0.06841219
vt 0.2055894 -0.07568483
vt 0.1958843 -0.06823333
vt 0.2212116 -0.1997992
vt 0.2207102 -0.1876319
vt 0.2206835 -0.1875748
vt 0.1642601 0.2915176
vt 0.1697932 0.2919814
vt 0.1420533 0.293159
vt 0.339241 0.1398349
vt 0.309086 0.1422317
vt 0.329723 0.1089111
vt 0.305256 -0.03300176
vt 0.2719136 -0.05868341
vt 0.3042648 -0.08293922
vt 0.02519325 0.2666143
vt 0.007344288 0.3048816
vt -0.02606199 0.3304801
vt -0.16267 -0.1549365
vt -0.1480035 -0.1465405
vt -0.1235232 -0.1109258
vt -0.1613132 -0.1562047
vt -0.1222852 -0.1120886
vt -0.1646204 -0.110646
vt 0.1318955 0.1913984
vt 0.132146 0.1620096
vt 0.1599072 0.1615576
vt -0.3232285 0.1078149
vt -0.3515284 0.07723843
vt -0.3111956 0.07916678
vt -0.327564 0.03942969
vt -0.3055674 0.05265424
vt -0.3643119 0.05378819
vt 0.1792422 0.02116254
vt 0.1655432 -0.02951077
vt 0.1944821 -0.03482477
vt -0.05420209 0.1517995
vt -0.07821606 0.1401161
vt -0.05542671 0.1122082
vt 0.3311716 0.08289501
vt 0.3044334 0.07275314
vt 0.3336438 0.0304609
vt -0.3645403 0.07118424
vt -0.3057883 0.07055473
vt -0.3119697 0.1060512
vt 0.2072557 -0.1745223
vt 0.2080491 -0.160801
vt 0.1838221 -0.1640531
vt 0.1758883 0.1335219
vt 0.202316 0.1272913
vt 0.1835617 0.1577147
vt 0.273896 0.0159312
vt 0.2710186 -0.01969217
vt 0.2977767 -0.02958354
vt -0.3133314 0.09657475
vt -0.3536393 0.09418265
vt -0.3650187 0.06041127
vt 0.0109376 -0.08418573
vt 0.03301612 -0.05621191
vt 0.007537638 -0.02626103
vt -0.006813514 0.3171672
vt 0.005668498 0.296394
vt 0.01932357 0.302702
vt -0.1325888 0.2560769
vt -0.1387717 0.2256256
vt -0.1155607 0.2388325
vt 0.3276895 0.0438274
vt 0.3488235 0.06021804
vt 0.3230361 0.07241832
vt 0.3194311 0.05487761
vt 0.3194157 0.05480226
vt 0.1699552 0.03843385
vt 0.1593862 0.01798747
vt 0.1838168 0.01986064
vt 0.1623797 -0.01969436
vt 0.1867504 -0.01779733
vt 0.1868042 -0.01774237
vt 0.1494641 0.02006833
vt 0.162978 0.001240666
vt 0.1758552 0.01368458
vt 0.3018723 0.2173823
vt 0.2746231 0.2284808
vt 0.2649202 0.2035578
vt -0.2028161 -0.08462517
vt -0.2252775 -0.08648558
vt -0.2150455 -0.1244529
vt 0.259398 0.2114213
vt 0.2732169 0.2364578
vt 0.2509719 0.2400812
vt -0.1517704 0.1604417
vt -0.1428592 0.1816631
vt -0.1426449 0.2070428
vt 0.08655103 0.1035445
vt 0.1041894 0.1476334
vt 0.08987423 0.1430151
vt -0.1439326 -0.1494423
vt -0.1571186 -0.184661
vt -0.1251992 -0.1670067
vt -0.2537093 0.2087954
vt -0.2565212 0.2376656
vt -0.2893075 0.2105254
vt 0.3205527 0.0918193
vt 0.3237193 0.04450614
vt 0.3500029 0.04845842
vt -0.2416331 0.08539373
vt -0.2655887 0.08824135
vt -0.2846964 0.05045543
vt 0.288867 0.04207108
vt 0.2636406 0.03650514
vt 0.2842149 -0.005119177
vt -0.07275505 -0.1018913
vt -0.03077989 -0.09484734
vt -0.04188994 -0.05398846
vt -0.2845574 -0.09599042
vt -0.2734461 -0.09045023
vt -0.3116997 -0.08575855
vt -0.0624311 0.07446156
vt -0.04689024 0.05548515
vt -0.04364616 0.08760695
vt 0.2933763 0.06241035
vt 0.2911181 0.03020423
vt 0.3153833 0.02152546
vt -0.2400481 0.1044929
vt -0.274363 0.09212311
vt -0.2755957 0.05995404
vt 0.2945741 0.02046834
vt 0.297742 0.05250476
vt 0.2637687 0.06287713
vt -0.03459632 0.2989189
vt -0.03972381 0.2772052
vt -0.02781568 0.2706609
vt -0.2213885 0.238723
vt -0.2400676 0.2211009
vt -0.2162942 0.2170014
vt -0.1002873 -0.2820115
vt -0.07841189 -0.2922674
vt -0.07920618 -0.266509
vt -0.09479661 -0.2708244
vt -0.09486356 -0.2708429
vt -0.2577125 0.02624888
vt -0.2991236 0.008739913
vt -0.2606548 0.005520991
vt -0.2569264 0.2310601
vt -0.2192096 0.2231357
vt -0.219142 0.2231512
vt -0.1611037 -0.001560467
vt -0.1622307 -0.02246579
vt -0.1461223 -0.02098163
vt -0.2873404 0.2136583
vt -0.2688701 0.1945457
vt -0.2517595 0.2116026
vt 0.2202769 -0.0944706
vt 0.2060153 -0.1134065
vt 0.2387342 -0.1272358
vt 0.2160835 0.2024559
vt 0.2408177 0.2099106
vt 0.227192 0.2293091
vt -0.3423411 -0.02632141
vt -0.3089167 0.003749542
vt -0.3080109 0.02665924
vt -0.2206928 -0.03424876
vt -0.1660189 -0.002684913
vt -0.1787596 0.002038111
vt 0.2871687 0.1507661
vt 0.2871982 0.1509519
vt 0.2788921 0.1533635
vt 0.3203613 0.1571163
vt 0.2965795 0.1386518
vt 0.3123853 0.1318478
vt -0.2075827 0.05247141
vt -0.1758387 0.07446321
vt -0.1839525 0.08977294
vt 0.03311787 -0.2293259
vt 0.0477888 -0.2147538
vt 0.02555647 -0.2014215
vt -0.3060049 0.1367929
vt -0.2786832 0.126593
vt -0.3066526 0.1541077
vt 0.3007895 0.1302629
vt 0.3249963 0.1481668
vt 0.2950836 0.1477156
vt -0.1879877 -0.1254828
vt -0.204319 -0.1131386
vt -0.2043513 -0.1308073
vt -0.2202306 -0.1237996
vt -0.2397836 -0.1291745
vt -0.2264031 -0.1368105
vt -0.3040348 0.1416097
vt -0.2966523 0.1272048
vt -0.2767786 0.1312358
vt 0.3120449 -0.01408449
vt 0.27285 -0.007664346
vt 0.2727126 -0.00779285
vt 0.3431432 0.004849947
vt 0.3216326 -0.01095845
vt 0.3357031 -0.01556332
vt -0.125064 0.1461233
vt -0.1150305 0.1385835
vt -0.1096647 0.1545626
vt 0.1207636 0.0492209
vt 0.1413213 0.05097719
vt 0.1277343 0.06456797
vt -0.2445465 0.1361297
vt -0.2350539 0.139753
vt -0.2442447 0.1530771
vt -0.3103603 -0.03263791
vt -0.2971851 -0.05540908
vt -0.2973675 -0.03466325
vt -0.02305898 0.1574557
vt -0.02200328 0.1493372
vt -0.004366198 0.1389438
vt -0.3251351 -0.02535871
vt -0.3297336 -0.03441907
vt -0.3172677 -0.0386045
vt -0.2171491 0.07774118
vt -0.2066328 0.1160562
vt -0.2382082 0.09382312
vt -0.2235546 0.2110104
vt -0.2499473 0.2150153
vt -0.213535 0.1947718
vt -0.1978232 0.2153758
vt -0.2333269 0.2371736
vt -0.2116087 0.2044984
vt -0.286775 -0.02546204
vt -0.2961623 -0.0363827
vt -0.295859 -0.05712712
vt -0.2842401 -0.02383128
vt -0.2927501 -0.0146064
vt -0.3028381 -0.04596606
vt -0.3221422 0.06265427
vt -0.3121175 0.0772038
vt -0.3141124 0.08514396
vt -0.3367045 0.08606271
vt -0.3400708 0.04647355
vt -0.3334714 0.06942378
vt 0.3349536 0.08518236
vt 0.320234 0.0867694
vt 0.3246916 0.07131841
vt 0.3224117 -0.0001298497
vt 0.3232648 0.01247487
vt 0.3093731 0.002250525
vt 0.3080989 0.09495258
vt 0.3071145 0.08568458
vt 0.3172062 0.08818752
vt 0.2532714 0.1238358
vt 0.2617624 0.1221895
vt 0.2617223 0.1424741
vt 0.2306788 0.03162835
vt 0.2353024 0.02147623
vt 0.239189 0.02994732
vt 0.2985021 0.1425852
vt 0.2887144 0.1390769
vt 0.3038908 0.125032
vt 0.126632 -0.01831526
vt 0.1510774 -0.0269437
vt 0.1471836 -0.01648989
vt 0.2869964 0.08881749
vt 0.2964678 0.08257239
vt 0.3263824 0.08287127
vt 0.2682465 0.1220397
vt 0.2558697 0.1148714
vt 0.2497097 0.1044738
vt 0.3134851 0.03554586
vt 0.3145161 0.02575869
vt 0.326573 0.03345287
vt 0.3137934 0.08117226
vt 0.3193858 0.09188588
vt 0.3164569 0.1012812
vt 0.3225796 0.05824067
vt 0.3022433 0.08132683
vt 0.2833103 0.06418876
vt 0.16701 -0.04857502
vt 0.1611603 -0.05977269
vt 0.1781319 -0.08543397
vt 0.1396018 -0.06585065
vt 0.1183889 -0.07054839
vt 0.1268154 -0.1081153
vt 0.2390006 0.2002295
vt 0.2278488 0.2118157
vt 0.2183792 0.1952504
vt 0.2551829 0.1476359
vt 0.234387 0.1434449
vt 0.2469484 0.128901
vt -0.3138878 0.09143865
vt -0.3200887 0.0795528
vt -0.3198492 0.07938666
vt 0.07335611 -0.2614557
vt 0.04976872 -0.2565938
vt 0.06324738 -0.3002281
vt 0.2266184 0.06128969
vt 0.1936415 0.07866422
vt 0.1903639 0.01476258
vt 0.05664469 0.01714553
vt 0.06153794 -0.01584939
vt 0.09144773 -0.00433078
vt -0.1977076 0.3441708
vt -0.173029 0.3034484
vt -0.1638341 0.3479247
vt 0.1694123 -0.2103049
vt 0.2124395 -0.2209466
vt 0.1835305 -0.1855928
vt 0.1433741 0.1952556
vt 0.1286217 0.2188021
vt 0.1193948 0.1974914
vt 0.1686823 0.1818329
vt 0.182091 0.2015923
vt 0.1512117 0.1957261
vt -0.04540882 0.3494457
vt -0.02101225 0.3692636
vt -0.01966318 0.3868602
vt -0.1803336 0.2497873
vt -0.1805055 0.2500228
vt -0.2420469 0.2516132
vt -0.2147585 -0.02063134
vt -0.2102192 -0.01311439
vt -0.218926 0.002567657
vt -0.1333498 0.3055494
vt -0.110416 0.2956704
vt -0.1112422 0.3151065
vt -0.2277522 0.08954681
vt -0.217759 0.05420671
vt -0.2036766 0.08291972
vt 0.3023624 0.243465
vt 0.2871776 0.2344717
vt 0.2925538 0.2190919
vt 0.05998056 0.2191927
vt 0.07082573 0.1977581
vt 0.08359399 0.2303821
vt 0.3025346 0.140002
vt 0.309895 0.1620272
vt 0.3111327 0.1739642
vt 0.0369757 0.2537653
vt 0.06026302 0.2656184
vt 0.04719462 0.2753477
vt 0.3198927 0.03708319
vt 0.3173804 0.1010195
vt 0.2835471 0.05394985
vt -0.3184229 0.008644457
vt -0.3658088 0.01126288
vt -0.3506362 -0.001398131
vt -0.2637649 0.229435
vt -0.3011431 0.2589343
vt -0.2783459 0.2102654
vt 0.2474558 0.1927215
vt 0.2430852 0.2163427
vt 0.2273045 0.2321293
vt 0.2396531 0.1948879
vt 0.2187915 0.2339243
vt 0.2065059 0.218841
vt 0.06162971 0.1966732
vt 0.05694383 0.1856249
vt 0.07321434 0.1631006
vt 0.3204501 0.07973301
vt 0.3105604 0.04562264
vt 0.3425235 0.09398177
vt -0.3299805 0.1079928
vt -0.3350841 0.1323905
vt -0.3490037 0.1204826
vt -0.2620864 0.2092191
vt -0.2793187 0.2240828
vt -0.2818609 0.2036492
vt 0.2749526 -0.1108733
vt 0.2591729 -0.107598
vt 0.2589015 -0.1220618
vt -0.3533909 0.06295291
vt -0.3269247 0.04597967
vt -0.3219924 0.05844554
vt -0.08643548 -0.07915097
vt -0.07593799 -0.06919716
vt -0.08770265 -0.06576504
vt 0.264793 -0.1321048
vt 0.24295 -0.1555602
vt 0.2584826 -0.1598572
vt -0.07462689 -0.02334634
vt -0.06280973 -0.02659311
vt -0.06380596 0.006747806
vt 0.2512164 -0.07357998
vt 0.2073687 -0.06710185
vt 0.1894938 -0.07505853
vt 0.09775601 0.3262461
vt 0.1057552 0.3431846
vt 0.1042093 0.3652999
vt -0.296303 0.2135827
vt -0.2760013 0.2046767
vt -0.2767583 0.2199119
vt -0.3582211 0.08498792
vt -0.3515363 0.07127661
vt -0.3338384 0.0651376
vt -0.1723904 0.2925702
vt -0.1958517 0.3244515
vt -0.2338742 0.2956702
vt -0.0517702 0.1847857
vt -0.005353198 0.1957189
vt 0.004859922 0.2135987
vt -0.02514947 0.2437616
vt -0.009399941 0.2371238
vt -0.01008214 0.2382932
vt -0.331831 0.1188889
vt -0.3648944 0.1121532
vt -0.3587831 0.08798816
vt -0.3213772 0.06304966
vt -0.3269888 0.09934427
vt -0.3527874 0.06747431
vt -0.2948646 0.05635966
vt -0.2941113 0.0552348
vt -0.2857127 0.04269535
vt -0.2719282 0.05475954
vt -0.2896782 0.0634456
vt -0.02514571 0.2437687
vt -0.05825246 0.1949516
vt -0.00179145 0.2240946
vt -0.009396204 0.2371308
vt 0.1543413 -0.07753846
vt 0.1568617 -0.05873046
vt 0.122797 -0.05768144
vt -0.3170201 0.03787956
vt -0.3669361 0.05779874
vt -0.3644293 0.0400378
vt -0.1009122 -0.01239564
vt -0.107807 0.01014372
vt -0.1159966 -0.006974251
vt 0.1042585 0.2671458
vt 0.09670691 0.2560523
vt 0.1016977 0.2572692
vt 0.156133 -0.08834352
vt 0.1504345 -0.06999722
vt 0.1256402 -0.1016924
vt -0.08309924 0.3401549
vt -0.1000485 0.3407243
vt -0.09523501 0.2907627
vt 0.3330867 0.1719123
vt 0.314 0.1432666
vt 0.3262932 0.1338737
vt 0.1912262 0.0767261
vt 0.1518303 0.08829357
vt 0.1796666 0.06353842
vt 0.1387015 -0.06641235
vt 0.137904 -0.1063886
vt 0.1619903 -0.07415202
vt 0.3375753 0.08332009
vt 0.3535661 0.1011467
vt 0.3262995 0.09887375
vt 0.3297359 0.1291141
vt 0.3477713 0.1221311
vt 0.3338156 0.147924
vt 0.06302454 -0.01568114
vt 0.06927443 -0.04433382
vt 0.08868431 -0.04268579
vt 0.1675869 -0.01128331
vt 0.1626056 -0.01253857
vt 0.1725784 -0.06339775
vt -0.3179342 0.0760868
vt -0.3223711 0.08222256
vt -0.337752 0.08059569
vt 0.2909562 -0.0145312
vt 0.2743075 -0.02905498
vt 0.2907964 -0.03213671
vt 0.1510553 0.3572395
vt 0.1410058 0.3230785
vt 0.1635218 0.3389993
vt 0.0458313 0.3592414
vt 0.02646788 0.3571159
vt 0.02516245 0.3494178
vt 0.3158916 0.1318268
vt 0.2934644 0.1155203
vt 0.3284021 0.119483
vt 0.3260306 0.1028163
vt 0.3496575 0.116615
vt 0.3511109 0.1274602
vt 0.3389541 0.1504684
vt 0.3513454 0.1380048
vt 0.3569658 0.1434247
vt 0.06040464 0.2923898
vt 0.07092889 0.341467
vt 0.03050842 0.3070261
vt -0.248428 -0.09707464
vt -0.2356803 -0.1343173
vt -0.2285929 -0.1188214
vt 0.09949921 -0.07973213
vt 0.1380694 -0.09380992
vt 0.1070319 -0.06381869
vt 0.2941618 0.1145786
vt 0.3165869 0.130888
vt 0.3207371 0.1496825
vt 0.2885626 0.1186834
vt 0.3151615 0.1537693
vt 0.298538 0.156014
vt 0.1176811 0.2984016
vt 0.1069439 0.2962934
vt 0.09550197 0.2752559
vt 0.03860068 0.3385107
vt 0.01980823 0.31254
vt 0.05951404 0.3478024
vt -0.3078111 0.1909361
vt -0.3265198 0.2015162
vt -0.3267286 0.1857222
vt -0.2876047 0.1531086
vt -0.3067293 0.1487143
vt -0.2938228 0.1365211
vt 0.08342174 0.04904342
vt 0.0973533 0.05205138
vt 0.08108941 0.06234067
vt -0.147107 0.3052869
vt -0.1225068 0.2951641
vt -0.1199252 0.3083333
vt 0.1892025 0.2203441
vt 0.2052154 0.2096685
vt 0.1929623 0.2298293
vt 0.1479272 -0.1112224
vt 0.1385819 -0.09889303
vt 0.1248758 -0.1028019
vt 0.2328772 0.2302547
vt 0.243806 0.2093464
vt 0.2584873 0.2404806
vt -0.2224685 0.01741918
vt -0.2011946 0.05127411
vt -0.200041 0.06472499
vt -0.1649762 -0.006288991
vt -0.1799993 -0.006313376
vt -0.1962388 -0.01639828
vt -0.264232 0.1261543
vt -0.2473047 0.1350365
vt -0.2579753 0.1427273
vt -0.1906423 0.230582
vt -0.1803479 0.2223945
vt -0.1653248 0.2224174
vt -0.1716706 0.01685643
vt -0.2030431 0.007093427
vt -0.189606 -0.031769
vt -0.3429194 0.08585381
vt -0.336577 0.1264816
vt -0.3475419 0.1404467
vt -0.3718133 0.1209457
vt -0.3615474 0.1315195
vt -0.3627006 0.1313377
vt -0.2316824 0.3142563
vt -0.2503704 0.2915162
vt -0.2353092 0.2761827
vt -0.1309159 0.3246662
vt -0.1456482 0.3570843
vt -0.1580059 0.3208899
vt -0.3556085 0.08686624
vt -0.3544552 0.08704732
vt -0.341599 0.08906634
vt -0.3460335 0.1042265
vt -0.359269 0.09349451
vt -0.3718136 0.1209406
vt -0.3429642 0.07905294
vt -0.3486929 0.1335409
vt -0.3615479 0.1315144
vt -0.08690173 0.2750572
vt -0.09380014 0.2898947
vt -0.1038541 0.275526
vt -0.306193 -0.04600418
vt -0.3170159 -0.0877853
vt -0.3017805 -0.08512008
vt -0.3050613 0.1362611
vt -0.3249314 0.1405342
vt -0.315479 0.1271778
o group80752495
g mesh80752495
usemtl mat21
f 3/3/1 2/2/1 1/1/1
f 6/6/2 5/5/2 4/4/2
f 2/9/3 6/8/3 4/7/3
f 5/12/4 7/11/4 3/10/4
f 10/15/5 9/14/5 8/13/5
f 3/18/6 7/17/6 2/16/6
f 4/22/7 11/21/7 1/20/7 2/19/7
f 3/25/8 12/24/8 5/23/8
f 6/28/9 7/27/9 5/26/9
f 4/31/10 5/30/10 12/29/10
f 7/34/11 6/33/11 2/32/11
f 9/37/12 12/36/12 3/35/12
f 10/42/13 11/41/13 4/40/13 12/39/13 9/38/13
f 11/45/14 10/44/14 1/43/14
f 1/48/15 8/47/15 3/46/15
f 3/51/16 8/50/16 9/49/16
f 10/54/17 8/53/17 1/52/17
o group508250831
g mesh508250831
usemtl mat21
f 15/57/18 14/56/18 13/55/18
f 18/60/19 17/59/19 16/58/19
f 18/63/20 16/62/20 13/61/20
f 17/66/21 20/65/21 19/64/21
f 16/69/22 17/68/22 13/67/22
f 15/72/23 18/71/23 14/70/23
f 13/75/24 14/74/24 18/73/24
f 20/78/25 15/77/25 19/76/25
f 13/81/26 19/80/26 15/79/26
f 17/84/27 19/83/27 13/82/27
f 18/87/28 20/86/28 17/85/28
f 15/90/29 20/89/29 18/88/29
o group954916248
g mesh954916248
usemtl mat21
f 23/93/30 22/92/30 21/91/30
f 26/96/31 25/95/31 24/94/31
f 26/99/32 24/98/32 21/97/32
f 30/103/33 29/102/33 28/101/33 27/100/33
f 24/106/34 25/105/34 21/104/34
f 23/109/35 26/108/35 22/107/35
f 21/112/36 22/111/36 26/110/36
f 27/115/37 32/114/37 31/113/37
f 21/119/38 33/118/38 32/117/38 23/116/38
f 25/124/39 29/123/39 30/122/39 33/121/39 21/120/39
f 26/127/40 34/126/40 25/125/40
f 23/130/41 34/129/41 26/128/41
f 27/135/42 28/134/42 34/133/42 23/132/42 32/131/42
f 29/139/43 25/138/43 34/137/43 28/136/43
f 30/142/44 31/141/44 33/140/44
f 27/145/45 31/144/45 30/143/45
f 33/148/46 31/147/46 32/146/46
o group1416291227
g mesh1416291227
usemtl mat21
f 37/151/47 36/150/47 35/149/47
f 40/154/48 39/153/48 38/152/48
f 40/157/49 38/156/49 35/155/49
f 39/160/50 42/159/50 41/158/50
f 38/163/51 39/162/51 35/161/51
f 37/166/52 40/165/52 36/164/52
f 35/169/53 36/168/53 40/167/53
f 42/172/54 37/171/54 41/170/54
f 35/175/55 41/174/55 37/173/55
f 39/178/56 41/177/56 35/176/56
f 40/181/57 42/180/57 39/179/57
f 37/184/58 42/183/58 40/182/58
o group222302139
g mesh222302139
usemtl mat21
f 45/187/59 44/186/59 43/185/59
f 48/190/60 47/189/60 46/188/60
f 48/193/61 46/192/61 43/191/61
f 47/196/62 50/195/62 49/194/62
f 46/199/63 47/198/63 43/197/63
f 45/202/64 48/201/64 44/200/64
f 43/205/65 44/204/65 48/203/65
f 50/208/66 45/207/66 49/206/66
f 43/211/67 49/210/67 45/209/67
f 47/214/68 49/213/68 43/212/68
f 48/217/69 50/216/69 47/215/69
f 45/220/70 50/219/70 48/218/70
o group506222283
g mesh506222283
usemtl mat21
f 53/223/71 52/222/71 51/221/71
f 56/226/72 55/225/72 54/224/72
f 56/229/73 54/228/73 51/227/73
f 59/232/74 58/231/74 57/230/74
f 54/235/75 55/234/75 51/233/75
f 53/238/76 56/237/76 52/236/76
f 51/241/77 52/240/77 56/239/77
f 57/244/78 61/243/78 60/242/78
f 51/248/79 62/247/79 61/246/79 53/245/79
f 55/252/80 63/251/80 62/250/80 51/249/80
f 56/255/81 64/254/81 55/253/81
f 53/258/82 64/257/82 56/256/82
f 57/263/83 58/262/83 64/261/83 53/260/83 61/259/83
f 59/268/84 63/267/84 55/266/84 64/265/84 58/264/84
f 63/271/85 59/270/85 62/269/85
f 57/274/86 60/273/86 59/272/86
f 62/277/87 60/276/87 61/275/87
f 59/280/88 60/279/88 62/278/88
o group1212941506
g mesh1212941506
usemtl mat21
f 89/403/129 88/402/129 87/401/129
f 92/406/130 91/405/130 90/404/130
f 92/409/131 90/408/131 87/407/131
f 91/412/132 94/411/132 93/410/132
f 90/415/133 91/414/133 87/413/133
f 89/418/134 92/417/134 88/416/134
f 87/421/135 88/420/135 92/419/135
f 94/424/136 89/423/136 93/422/136
f 87/427/137 93/426/137 89/425/137
f 91/430/138 93/429/138 87/428/138
f 92/433/139 94/432/139 91/431/139
f 89/436/140 94/435/140 92/434/140
o group122357678
g mesh122357678
usemtl mat21
f 133/601/194 132/600/194 131/599/194
f 136/604/195 135/603/195 134/602/195
f 138/607/196 137/606/196 134/605/196
f 140/610/197 139/609/197 135/608/197
f 138/613/198 141/612/198 137/611/198
f 142/616/199 134/615/199 135/614/199
f 136/619/200 143/618/200 135/617/200
f 145/622/201 144/621/201 141/620/201
f 141/625/202 144/624/202 137/623/202
f 131/628/203 132/627/203 134/626/203
f 147/631/204 146/630/204 138/629/204
f 148/634/205 140/633/205 141/632/205
f 148/637/206 133/636/206 140/635/206
f 137/640/207 144/639/207 149/638/207
f 145/643/208 135/642/208 149/641/208
f 135/646/209 143/645/209 149/644/209
f 145/649/210 149/648/210 144/647/210
f 134/652/211 137/651/211 136/650/211
f 148/655/212 138/654/212 146/653/212
f 141/658/213 138/657/213 148/656/213
f 135/661/214 145/660/214 141/659/214
f 135/664/215 141/663/215 140/662/215
f 149/667/216 143/666/216 136/665/216
f 149/670/217 136/669/217 137/668/217
f 150/673/218 146/672/218 147/671/218
f 150/676/219 147/675/219 151/674/219
f 142/679/220 139/678/220 131/677/220
f 150/682/221 132/681/221 133/680/221
f 131/685/222 139/684/222 133/683/222
f 135/688/223 139/687/223 142/686/223
f 133/691/224 139/690/224 140/689/224
f 134/694/225 142/693/225 131/692/225
f 132/697/226 152/696/226 151/695/226
f 151/700/227 152/699/227 150/698/227
f 150/703/228 152/702/228 132/701/228
f 132/706/229 151/705/229 134/704/229
f 134/709/230 151/708/230 147/707/230
f 134/712/231 147/711/231 138/710/231
f 148/715/232 146/714/232 150/713/232
f 133/718/233 148/717/233 150/716/233
o group1997811357
g mesh1997811357
usemtl mat21
f 155/721/234 154/720/234 153/719/234
f 158/724/235 157/723/235 156/722/235
f 160/727/236 159/726/236 156/725/236
f 161/730/237 153/729/237 157/728/237
f 160/733/238 162/732/238 159/731/238
f 156/736/239 157/735/239 153/734/239
f 158/739/240 163/738/240 157/737/240
f 165/742/241 164/741/241 162/740/241
f 162/745/242 164/744/242 159/743/242
f 153/748/243 154/747/243 156/746/243
f 156/751/244 154/750/244 160/749/244
f 155/754/245 161/753/245 162/752/245
f 155/757/246 153/756/246 161/755/246
f 158/762/247 159/761/247 164/760/247 166/759/247 163/758/247
f 165/765/248 157/764/248 166/763/248
f 157/768/249 163/767/249 166/766/249
f 165/771/250 166/770/250 164/769/250
f 156/774/251 159/773/251 158/772/251
f 155/777/252 160/776/252 154/775/252
f 162/780/253 160/779/253 155/778/253
f 157/783/254 165/782/254 162/781/254
f 157/786/255 162/785/255 161/784/255
o group51325810
g mesh51325810
usemtl mat21
f 169/789/256 168/788/256 167/787/256
f 172/792/257 171/791/257 170/790/257
f 174/795/258 173/794/258 170/793/258
f 175/798/259 167/797/259 171/796/259
f 174/801/260 176/800/260 173/799/260
f 170/804/261 171/803/261 167/802/261
f 172/807/262 177/806/262 171/805/262
f 179/810/263 178/809/263 176/808/263
f 176/813/264 178/812/264 173/811/264
f 167/816/265 168/815/265 170/814/265
f 170/819/266 168/818/266 174/817/266
f 169/822/267 175/821/267 176/820/267
f 169/825/268 167/824/268 175/823/268
f 172/830/269 173/829/269 178/828/269 180/827/269 177/826/269
f 179/833/270 171/832/270 180/831/270
f 171/836/271 177/835/271 180/834/271
f 179/839/272 180/838/272 178/837/272
f 170/842/273 173/841/273 172/840/273
f 169/845/274 174/844/274 168/843/274
f 176/848/275 174/847/275 169/846/275
f 171/851/276 179/850/276 176/849/276
f 171/854/277 176/853/277 175/852/277
o group827029502
g mesh827029502
usemtl mat21
f 183/857/278 182/856/278 181/855/278
f 186/860/279 185/859/279 184/858/279
f 188/863/280 187/862/280 184/861/280
f 189/866/281 181/865/281 185/864/281
f 188/869/282 190/868/282 187/867/282
f 184/872/283 185/871/283 181/870/283
f 186/875/284 191/874/284 185/873/284
f 193/878/285 192/877/285 190/876/285
f 190/881/286 192/880/286 187/879/286
f 181/884/287 182/883/287 184/882/287
f 184/887/288 182/886/288 188/885/288
f 183/890/289 189/889/289 190/888/289
f 183/893/290 181/892/290 189/891/290
f 186/898/291 187/897/291 192/896/291 194/895/291 191/894/291
f 193/901/292 185/900/292 194/899/292
f 185/904/293 191/903/293 194/902/293
f 193/907/294 194/906/294 192/905/294
f 184/910/295 187/909/295 186/908/295
f 183/913/296 188/912/296 182/911/296
f 190/916/297 188/915/297 183/914/297
f 185/919/298 193/918/298 190/917/298
f 185/922/299 190/921/299 189/920/299
o group1560158434
g mesh1560158434
usemtl mat21
f 197/925/300 196/924/300 195/923/300
f 200/928/301 199/927/301 198/926/301
f 202/931/302 201/930/302 198/929/302
f 203/934/303 195/933/303 199/932/303
f 202/937/304 204/936/304 201/935/304
f 198/940/305 199/939/305 195/938/305
f 200/943/306 205/942/306 199/941/306
f 207/946/307 206/945/307 204/944/307
f 204/949/308 206/948/308 201/947/308
f 195/952/309 196/951/309 198/950/309
f 198/955/310 196/954/310 202/953/310
f 197/958/311 203/957/311 204/956/311
f 197/961/312 195/960/312 203/959/312
f 200/964/313 201/963/313 206/962/313
f 207/967/314 199/966/314 208/965/314
f 199/970/315 205/969/315 208/968/315
f 207/973/316 208/972/316 206/971/316
f 198/976/317 201/975/317 200/974/317
f 197/979/318 202/978/318 196/977/318
f 204/982/319 202/981/319 197/980/319
f 199/985/320 207/984/320 204/983/320
f 199/988/321 204/987/321 203/986/321
f 206/991/322 208/990/322 205/989/322
f 206/994/323 205/993/323 200/992/323
o group552822348
g mesh552822348
usemtl mat21
f 243/1141/372 242/1140/372 241/1139/372
f 246/1144/373 245/1143/373 244/1142/373
f 246/1147/374 244/1146/374 241/1145/374
f 245/1150/375 248/1149/375 247/1148/375
f 244/1153/376 245/1152/376 241/1151/376
f 243/1156/377 246/1155/377 242/1154/377
f 241/1159/378 242/1158/378 246/1157/378
f 248/1162/379 243/1161/379 247/1160/379
f 241/1165/380 247/1164/380 243/1163/380
f 245/1168/381 247/1167/381 241/1166/381
f 246/1171/382 248/1170/382 245/1169/382
f 243/1174/383 248/1173/383 246/1172/383
o group197130387
g mesh197130387
usemtl mat21
f 251/1177/384 250/1176/384 249/1175/384
f 254/1180/385 253/1179/385 252/1178/385
f 254/1183/386 252/1182/386 249/1181/386
f 253/1186/387 256/1185/387 255/1184/387
f 252/1189/388 253/1188/388 249/1187/388
f 251/1192/389 254/1191/389 250/1190/389
f 249/1195/390 250/1194/390 254/1193/390
f 256/1198/391 251/1197/391 255/1196/391
f 249/1201/392 255/1200/392 251/1199/392
f 253/1204/393 255/1203/393 249/1202/393
f 254/1207/394 256/1206/394 253/1205/394
f 251/1210/395 256/1209/395 254/1208/395
o group514876277
g mesh514876277
usemtl mat21
f 259/1213/396 258/1212/396 257/1211/396
f 262/1216/397 261/1215/397 260/1214/397
f 258/1219/398 262/1218/398 260/1217/398
f 264/1222/399 261/1221/399 263/1220/399
f 260/1225/400 264/1224/400 263/1223/400
f 261/1228/401 262/1227/401 258/1226/401
f 257/1231/402 263/1230/402 259/1229/402
f 261/1234/403 264/1233/403 260/1232/403
f 260/1237/404 257/1236/404 258/1235/404
f 263/1240/405 257/1239/405 260/1238/405
f 261/1243/406 259/1242/406 263/1241/406
f 258/1246/407 259/1245/407 261/1244/407
o group1364041306
g mesh1364041306
usemtl mat21
f 267/1249/408 266/1248/408 265/1247/408
f 270/1252/409 269/1251/409 268/1250/409
f 266/1255/410 270/1254/410 268/1253/410
f 272/1258/411 269/1257/411 271/1256/411
f 268/1261/412 272/1260/412 271/1259/412
f 269/1264/413 270/1263/413 266/1262/413
f 265/1267/414 271/1266/414 267/1265/414
f 269/1270/415 272/1269/415 268/1268/415
f 268/1273/416 265/1272/416 266/1271/416
f 271/1276/417 265/1275/417 268/1274/417
f 269/1279/418 267/1278/418 271/1277/418
f 266/1282/419 267/1281/419 269/1280/419
o group1691761526
g mesh1691761526
usemtl mat21
f 275/1285/420 274/1284/420 273/1283/420
f 278/1288/421 277/1287/421 276/1286/421
f 274/1291/422 278/1290/422 276/1289/422
f 280/1294/423 277/1293/423 279/1292/423
f 276/1297/424 280/1296/424 279/1295/424
f 277/1300/425 278/1299/425 274/1298/425
f 273/1303/426 279/1302/426 275/1301/426
f 277/1306/427 280/1305/427 276/1304/427
f 276/1309/428 273/1308/428 274/1307/428
f 279/1312/429 273/1311/429 276/1310/429
f 277/1315/430 275/1314/430 279/1313/430
f 274/1318/431 275/1317/431 277/1316/431
o group1233792125
g mesh1233792125
usemtl mat21
f 283/1321/432 282/1320/432 281/1319/432
f 286/1324/433 285/1323/433 284/1322/433
f 288/1327/434 287/1326/434 284/1325/434
f 289/1330/435 281/1329/435 285/1328/435
f 288/1333/436 290/1332/436 287/1331/436
f 284/1336/437 285/1335/437 281/1334/437
f 286/1339/438 291/1338/438 285/1337/438
f 293/1342/439 292/1341/439 290/1340/439
f 290/1345/440 292/1344/440 287/1343/440
f 281/1348/441 282/1347/441 284/1346/441
f 284/1351/442 282/1350/442 288/1349/442
f 283/1354/443 289/1353/443 290/1352/443
f 283/1357/444 281/1356/444 289/1355/444
f 286/1362/445 287/1361/445 292/1360/445 294/1359/445 291/1358/445
f 293/1365/446 285/1364/446 294/1363/446
f 285/1368/447 291/1367/447 294/1366/447
f 293/1371/448 294/1370/448 292/1369/448
f 284/1374/449 287/1373/449 286/1372/449
f 283/1377/450 288/1376/450 282/1375/450
f 290/1380/451 288/1379/451 283/1378/451
f 285/1383/452 293/1382/452 290/1381/452
f 285/1386/453 290/1385/453 289/1384/453
o group1429494142
g mesh1429494142
usemtl mat21
f 297/1389/454 296/1388/454 295/1387/454
f 300/1392/455 299/1391/455 298/1390/455
f 302/1395/456 301/1394/456 298/1393/456
f 303/1398/457 295/1397/457 299/1396/457
f 302/1401/458 304/1400/458 301/1399/458
f 298/1404/459 299/1403/459 295/1402/459
f 300/1407/460 305/1406/460 299/1405/460
f 307/1410/461 306/1409/461 304/1408/461
f 304/1413/462 306/1412/462 301/1411/462
f 295/1416/463 296/1415/463 298/1414/463
f 298/1419/464 296/1418/464 302/1417/464
f 297/1422/465 303/1421/465 304/1420/465
f 297/1425/466 295/1424/466 303/1423/466
f 300/1430/467 301/1429/467 306/1428/467 308/1427/467 305/1426/467
f 307/1433/468 299/1432/468 308/1431/468
f 299/1436/469 305/1435/469 308/1434/469
f 307/1439/470 308/1438/470 306/1437/470
f 298/1442/471 301/1441/471 300/1440/471
f 297/1445/472 302/1444/472 296/1443/472
f 304/1448/473 302/1447/473 297/1446/473
f 299/1451/474 307/1450/474 304/1449/474
f 299/1454/475 304/1453/475 303/1452/475
o group899616091
g mesh899616091
usemtl mat21
f 311/1457/476 310/1456/476 309/1455/476
f 314/1460/477 313/1459/477 312/1458/477
f 309/1463/478 314/1462/478 312/1461/478
f 316/1466/479 313/1465/479 315/1464/479
f 317/1470/480 312/1469/480 316/1468/480 315/1467/480
f 313/1473/481 314/1472/481 309/1471/481
f 310/1476/482 319/1475/482 318/1474/482
f 313/1479/483 316/1478/483 312/1477/483
f 321/1482/484 320/1481/484 309/1480/484
f 317/1485/485 322/1484/485 312/1483/485
f 313/1488/486 323/1487/486 315/1486/486
f 309/1491/487 324/1490/487 313/1489/487
f 310/1498/488 311/1497/488 326/1496/488 325/1495/488 315/1494/488 323/1493/488 319/1492/488
f 324/1501/489 319/1500/489 323/1499/489
f 310/1504/490 318/1503/490 309/1502/490
f 309/1507/491 318/1506/491 324/1505/491
f 324/1510/492 318/1509/492 319/1508/492
f 313/1513/493 324/1512/493 323/1511/493
f 311/1516/494 320/1515/494 326/1514/494
f 325/1520/495 326/1519/495 320/1518/495 321/1517/495
f 317/1524/496 315/1523/496 325/1522/496 321/1521/496
f 322/1527/497 321/1526/497 309/1525/497
f 312/1530/498 322/1529/498 309/1528/498
f 321/1533/499 322/1532/499 317/1531/499
f 309/1536/500 320/1535/500 311/1534/500
o group1146835276
g mesh1146835276
usemtl mat21
f 329/1539/501 328/1538/501 327/1537/501
f 332/1542/502 331/1541/502 330/1540/502
f 334/1545/503 332/1544/503 333/1543/503
f 336/1548/504 330/1547/504 335/1546/504
f 337/1551/505 333/1550/505 336/1549/505
f 330/1554/506 331/1553/506 329/1552/506
f 340/1558/507 339/1557/507 335/1556/507 338/1555/507
f 330/1561/508 336/1560/508 333/1559/508
f 342/1564/509 341/1563/509 329/1562/509
f 345/1567/510 344/1566/510 343/1565/510
f 330/1570/511 338/1569/511 335/1568/511
f 329/1573/512 338/1572/512 330/1571/512
f 337/1576/513 339/1575/513 341/1574/513
f 339/1579/514 340/1578/514 341/1577/514
f 327/1582/515 328/1581/515 340/1580/515
f 338/1585/516 329/1584/516 327/1583/516
f 338/1588/517 327/1587/517 340/1586/517
f 341/1591/518 328/1590/518 329/1589/518
f 340/1594/519 328/1593/519 341/1592/519
f 346/1597/520 342/1596/520 329/1595/520
f 341/1600/521 342/1599/521 337/1598/521
f 336/1603/522 335/1602/522 337/1601/522
f 347/1606/523 335/1605/523 339/1604/523
f 346/1609/524 334/1608/524 348/1607/524
f 343/1612/525 349/1611/525 333/1610/525
f 346/1615/526 348/1614/526 342/1613/526
f 334/1620/527 346/1619/527 329/1618/527 331/1617/527 332/1616/527
f 337/1623/528 342/1622/528 350/1621/528
f 337/1626/529 351/1625/529 345/1624/529
f 350/1629/530 351/1628/530 337/1627/530
f 344/1633/531 350/1632/531 342/1631/531 348/1630/531
f 351/1636/532 350/1635/532 344/1634/532
f 330/1639/533 333/1638/533 332/1637/533
f 343/1642/534 333/1641/534 345/1640/534
f 334/1645/535 333/1644/535 349/1643/535
f 345/1648/536 333/1647/536 337/1646/536
f 334/1651/537 349/1650/537 348/1649/537
f 348/1654/538 349/1653/538 343/1652/538
f 344/1657/539 345/1656/539 351/1655/539
f 348/1660/540 343/1659/540 344/1658/540
f 352/1663/541 337/1662/541 335/1661/541
f 352/1666/542 339/1665/542 337/1664/542
f 352/1669/543 347/1668/543 353/1667/543
f 339/1672/544 353/1671/544 347/1670/544
f 352/1675/545 353/1674/545 339/1673/545
f 335/1678/546 347/1677/546 352/1676/546
o group1955831909
g mesh1955831909
usemtl mat21
f 356/1681/547 355/1680/547 354/1679/547
f 359/1684/548 358/1683/548 357/1682/548
f 361/1687/549 360/1686/549 357/1685/549
f 363/1690/550 362/1689/550 358/1688/550
f 361/1693/551 364/1692/551 360/1691/551
f 365/1696/552 357/1695/552 358/1694/552
f 359/1699/553 366/1698/553 358/1697/553
f 368/1702/554 367/1701/554 364/1700/554
f 364/1705/555 367/1704/555 360/1703/555
f 354/1708/556 355/1707/556 357/1706/556
f 370/1711/557 369/1710/557 361/1709/557
f 371/1714/558 363/1713/558 364/1712/558
f 371/1717/559 356/1716/559 363/1715/559
f 360/1720/560 367/1719/560 372/1718/560
f 368/1723/561 358/1722/561 372/1721/561
f 358/1726/562 366/1725/562 372/1724/562
f 368/1729/563 372/1728/563 367/1727/563
f 357/1732/564 360/1731/564 359/1730/564
f 371/1735/565 361/1734/565 369/1733/565
f 364/1738/566 361/1737/566 371/1736/566
f 358/1741/567 368/1740/567 364/1739/567
f 358/1744/568 364/1743/568 363/1742/568
f 372/1747/569 366/1746/569 359/1745/569
f 372/1750/570 359/1749/570 360/1748/570
f 373/1753/571 369/1752/571 370/1751/571
f 373/1756/572 370/1755/572 374/1754/572
f 365/1759/573 362/1758/573 354/1757/573
f 373/1762/574 355/1761/574 356/1760/574
f 354/1765/575 362/1764/575 356/1763/575
f 358/1768/576 362/1767/576 365/1766/576
f 356/1771/577 362/1770/577 363/1769/577
f 357/1774/578 365/1773/578 354/1772/578
f 355/1777/579 375/1776/579 374/1775/579
f 374/1780/580 375/1779/580 373/1778/580
f 373/1783/581 375/1782/581 355/1781/581
f 355/1786/582 374/1785/582 357/1784/582
f 357/1789/583 374/1788/583 370/1787/583
f 357/1792/584 370/1791/584 361/1790/584
f 371/1795/585 369/1794/585 373/1793/585
f 356/1798/586 371/1797/586 373/1796/586
o group1977973437
g mesh1977973437
usemtl mat21
f 378/1801/587 377/1800/587 376/1799/587
f 381/1804/588 380/1803/588 379/1802/588
f 383/1807/589 382/1806/589 379/1805/589
f 384/1810/590 376/1809/590 380/1808/590
f 383/1813/591 385/1812/591 382/1811/591
f 379/1816/592 380/1815/592 376/1814/592
f 381/1819/593 386/1818/593 380/1817/593
f 388/1822/594 387/1821/594 385/1820/594
f 385/1825/595 387/1824/595 382/1823/595
f 376/1828/596 377/1827/596 379/1826/596
f 379/1831/597 377/1830/597 383/1829/597
f 378/1834/598 384/1833/598 385/1832/598
f 378/1837/599 376/1836/599 384/1835/599
f 381/1842/600 382/1841/600 387/1840/600 389/1839/600 386/1838/600
f 388/1845/601 380/1844/601 389/1843/601
f 380/1848/602 386/1847/602 389/1846/602
f 388/1851/603 389/1850/603 387/1849/603
f 379/1854/604 382/1853/604 381/1852/604
f 378/1857/605 383/1856/605 377/1855/605
f 385/1860/606 383/1859/606 378/1858/606
f 380/1863/607 388/1862/607 385/1861/607
f 380/1866/608 385/1865/608 384/1864/608
o group830100623
g mesh830100623
usemtl mat21
f 392/1869/609 391/1868/609 390/1867/609
f 395/1872/610 394/1871/610 393/1870/610
f 397/1875/611 396/1874/611 393/1873/611
f 398/1878/612 390/1877/612 394/1876/612
f 397/1881/613 399/1880/613 396/1879/613
f 393/1884/614 394/1883/614 390/1882/614
f 395/1887/615 400/1886/615 394/1885/615
f 402/1890/616 401/1889/616 399/1888/616
f 399/1893/617 401/1892/617 396/1891/617
f 390/1896/618 391/1895/618 393/1894/618
f 393/1899/619 391/1898/619 397/1897/619
f 392/1902/620 398/1901/620 399/1900/620
f 392/1905/621 390/1904/621 398/1903/621
f 395/1910/622 396/1909/622 401/1908/622 403/1907/622 400/1906/622
f 402/1913/623 394/1912/623 403/1911/623
f 394/1916/624 400/1915/624 403/1914/624
f 402/1919/625 403/1918/625 401/1917/625
f 393/1922/626 396/1921/626 395/1920/626
f 392/1925/627 397/1924/627 391/1923/627
f 399/1928/628 397/1927/628 392/1926/628
f 394/1931/629 402/1930/629 399/1929/629
f 394/1934/630 399/1933/630 398/1932/630
o group1777569486
g mesh1777569486
usemtl mat21
f 406/1937/631 405/1936/631 404/1935/631
f 409/1940/632 408/1939/632 407/1938/632
f 409/1943/633 411/1942/633 410/1941/633
f 408/1946/634 413/1945/634 412/1944/634
f 411/1949/635 414/1948/635 410/1947/635
f 408/1952/636 409/1951/636 415/1950/636
f 408/1955/637 416/1954/637 407/1953/637
f 414/1958/638 418/1957/638 417/1956/638
f 411/1961/639 418/1960/639 414/1959/639
f 409/1964/640 405/1963/640 406/1962/640
f 410/1967/641 420/1966/641 419/1965/641
f 414/1970/642 412/1969/642 421/1968/642
f 412/1973/643 404/1972/643 421/1971/643
f 422/1976/644 418/1975/644 411/1974/644
f 422/1979/645 408/1978/645 417/1977/645
f 422/1982/646 416/1981/646 408/1980/646
f 418/1985/647 422/1984/647 417/1983/647
f 407/1988/648 411/1987/648 409/1986/648
f 420/1991/649 410/1990/649 421/1989/649
f 421/1994/650 410/1993/650 414/1992/650
f 414/1997/651 417/1996/651 408/1995/651
f 412/2000/652 414/1999/652 408/1998/652
f 407/2003/653 416/2002/653 422/2001/653
f 411/2006/654 407/2005/654 422/2004/654
f 419/2009/655 420/2008/655 423/2007/655
f 424/2012/656 419/2011/656 423/2010/656
f 406/2015/657 413/2014/657 415/2013/657
f 404/2018/658 405/2017/658 423/2016/658
f 404/2021/659 413/2020/659 406/2019/659
f 415/2024/660 413/2023/660 408/2022/660
f 412/2027/661 413/2026/661 404/2025/661
f 406/2030/662 415/2029/662 409/2028/662
f 424/2033/663 425/2032/663 405/2031/663
f 423/2036/664 425/2035/664 424/2034/664
f 405/2039/665 425/2038/665 423/2037/665
f 409/2042/666 424/2041/666 405/2040/666
f 419/2045/667 424/2044/667 409/2043/667
f 410/2048/668 419/2047/668 409/2046/668
f 423/2051/669 420/2050/669 421/2049/669
f 423/2054/670 421/2053/670 404/2052/670
o group1890748646
g mesh1890748646
usemtl mat21
f 428/2057/671 427/2056/671 426/2055/671
f 431/2060/672 430/2059/672 429/2058/672
f 431/2063/673 429/2062/673 426/2061/673
f 430/2066/674 433/2065/674 432/2064/674
f 429/2069/675 430/2068/675 426/2067/675
f 428/2072/676 431/2071/676 427/2070/676
f 426/2075/677 427/2074/677 431/2073/677
f 433/2078/678 428/2077/678 432/2076/678
f 426/2081/679 432/2080/679 428/2079/679
f 430/2084/680 432/2083/680 426/2082/680
f 431/2087/681 433/2086/681 430/2085/681
f 428/2090/682 433/2089/682 431/2088/682
o group908325055
g mesh908325055
usemtl mat21
f 436/2093/683 435/2092/683 434/2091/683
f 439/2096/684 438/2095/684 437/2094/684
f 441/2099/685 440/2098/685 437/2097/685
f 443/2102/686 442/2101/686 438/2100/686
f 441/2105/687 444/2104/687 440/2103/687
f 445/2108/688 437/2107/688 438/2106/688
f 439/2111/689 446/2110/689 438/2109/689
f 448/2114/690 447/2113/690 444/2112/690
f 444/2117/691 447/2116/691 440/2115/691
f 434/2120/692 435/2119/692 437/2118/692
f 450/2123/693 449/2122/693 441/2121/693
f 451/2126/694 443/2125/694 444/2124/694
f 451/2129/695 436/2128/695 443/2127/695
f 440/2132/696 447/2131/696 452/2130/696
f 448/2135/697 438/2134/697 452/2133/697
f 438/2138/698 446/2137/698 452/2136/698
f 448/2141/699 452/2140/699 447/2139/699
f 437/2144/700 440/2143/700 439/2142/700
f 451/2147/701 441/2146/701 449/2145/701
f 444/2150/702 441/2149/702 451/2148/702
f 438/2153/703 448/2152/703 444/2151/703
f 438/2156/704 444/2155/704 443/2154/704
f 452/2159/705 446/2158/705 439/2157/705
f 452/2162/706 439/2161/706 440/2160/706
f 453/2165/707 449/2164/707 450/2163/707
f 453/2168/708 450/2167/708 454/2166/708
f 445/2171/709 442/2170/709 434/2169/709
f 453/2174/710 435/2173/710 436/2172/710
f 434/2177/711 442/2176/711 436/2175/711
f 438/2180/712 442/2179/712 445/2178/712
f 436/2183/713 442/2182/713 443/2181/713
f 437/2186/714 445/2185/714 434/2184/714
f 435/2189/715 455/2188/715 454/2187/715
f 454/2192/716 455/2191/716 453/2190/716
f 453/2195/717 455/2194/717 435/2193/717
f 435/2198/718 454/2197/718 437/2196/718
f 437/2201/719 454/2200/719 450/2199/719
f 437/2204/720 450/2203/720 441/2202/720
f 451/2207/721 449/2206/721 453/2205/721
f 436/2210/722 451/2209/722 453/2208/722
o group519512803
g mesh519512803
usemtl mat21
f 459/2214/723 458/2213/723 457/2212/723 456/2211/723
f 462/2217/724 461/2216/724 460/2215/724
f 457/2220/725 462/2219/725 456/2218/725
f 461/2223/726 458/2222/726 459/2221/726
f 460/2226/727 463/2225/727 456/2224/727
f 461/2229/728 462/2228/728 457/2227/728
f 462/2232/729 460/2231/729 456/2230/729
f 459/2235/730 463/2234/730 461/2233/730
f 463/2238/731 459/2237/731 456/2236/731
f 457/2241/732 458/2240/732 461/2239/732
f 461/2244/733 463/2243/733 460/2242/733
o group1616646803
g mesh1616646803
usemtl mat21
f 466/2247/734 465/2246/734 464/2245/734
f 469/2250/735 468/2249/735 467/2248/735
f 471/2253/736 470/2252/736 467/2251/736
f 472/2256/737 464/2255/737 468/2254/737
f 471/2259/738 473/2258/738 470/2257/738
f 467/2262/739 468/2261/739 464/2260/739
f 469/2265/740 474/2264/740 468/2263/740
f 476/2268/741 475/2267/741 473/2266/741
f 473/2271/742 475/2270/742 470/2269/742
f 464/2274/743 465/2273/743 467/2272/743
f 467/2277/744 465/2276/744 471/2275/744
f 466/2280/745 472/2279/745 473/2278/745
f 466/2283/746 464/2282/746 472/2281/746
f 469/2288/747 470/2287/747 475/2286/747 477/2285/747 474/2284/747
f 476/2291/748 468/2290/748 477/2289/748
f 468/2294/749 474/2293/749 477/2292/749
f 476/2297/750 477/2296/750 475/2295/750
f 467/2300/751 470/2299/751 469/2298/751
f 466/2303/752 471/2302/752 465/2301/752
f 473/2306/753 471/2305/753 466/2304/753
f 468/2309/754 476/2308/754 473/2307/754
f 468/2312/755 473/2311/755 472/2310/755
o group1516246132
g mesh1516246132
usemtl mat21
f 480/2315/756 479/2314/756 478/2313/756
f 483/2318/757 482/2317/757 481/2316/757
f 485/2321/758 484/2320/758 481/2319/758
f 487/2324/759 486/2323/759 482/2322/759
f 485/2327/760 488/2326/760 484/2325/760
f 489/2330/761 481/2329/761 482/2328/761
f 483/2333/762 490/2332/762 482/2331/762
f 492/2336/763 491/2335/763 488/2334/763
f 488/2339/764 491/2338/764 484/2337/764
f 478/2342/765 479/2341/765 481/2340/765
f 494/2345/766 493/2344/766 485/2343/766
f 495/2348/767 487/2347/767 488/2346/767
f 495/2351/768 480/2350/768 487/2349/768
f 484/2354/769 491/2353/769 496/2352/769
f 492/2357/770 482/2356/770 496/2355/770
f 482/2360/771 490/2359/771 496/2358/771
f 492/2363/772 496/2362/772 491/2361/772
f 481/2366/773 484/2365/773 483/2364/773
f 495/2369/774 485/2368/774 493/2367/774
f 488/2372/775 485/2371/775 495/2370/775
f 482/2375/776 492/2374/776 488/2373/776
f 482/2378/777 488/2377/777 487/2376/777
f 496/2381/778 490/2380/778 483/2379/778
f 496/2384/779 483/2383/779 484/2382/779
f 497/2387/780 493/2386/780 494/2385/780
f 497/2390/781 494/2389/781 498/2388/781
f 489/2393/782 486/2392/782 478/2391/782
f 497/2396/783 479/2395/783 480/2394/783
f 478/2399/784 486/2398/784 480/2397/784
f 482/2402/785 486/2401/785 489/2400/785
f 480/2405/786 486/2404/786 487/2403/786
f 481/2408/787 489/2407/787 478/2406/787
f 479/2411/788 499/2410/788 498/2409/788
f 498/2414/789 499/2413/789 497/2412/789
f 497/2417/790 499/2416/790 479/2415/790
f 479/2420/791 498/2419/791 481/2418/791
f 481/2423/792 498/2422/792 494/2421/792
f 481/2426/793 494/2425/793 485/2424/793
f 500/2429/794 493/2428/794 497/2427/794
f 480/2432/795 495/2431/795 497/2430/795
f 501/2435/796 495/2434/796 493/2433/796
f 501/2438/797 497/2437/797 495/2436/797
f 501/2441/798 500/2440/798 502/2439/798
f 497/2444/799 502/2443/799 500/2442/799
f 501/2447/800 502/2446/800 497/2445/800
f 493/2450/801 500/2449/801 501/2448/801
o group380371211
g mesh380371211
usemtl mat21
f 505/2453/802 504/2452/802 503/2451/802
f 508/2456/803 507/2455/803 506/2454/803
f 510/2459/804 509/2458/804 506/2457/804
f 511/2462/805 503/2461/805 507/2460/805
f 510/2465/806 512/2464/806 509/2463/806
f 506/2468/807 507/2467/807 503/2466/807
f 508/2471/808 513/2470/808 507/2469/808
f 515/2474/809 514/2473/809 512/2472/809
f 512/2477/810 514/2476/810 509/2475/810
f 503/2480/811 504/2479/811 506/2478/811
f 506/2483/812 504/2482/812 510/2481/812
f 505/2486/813 511/2485/813 512/2484/813
f 505/2489/814 503/2488/814 511/2487/814
f 508/2494/815 509/2493/815 514/2492/815 516/2491/815 513/2490/815
f 515/2497/816 507/2496/816 516/2495/816
f 507/2500/817 513/2499/817 516/2498/817
f 515/2503/818 516/2502/818 514/2501/818
f 506/2506/819 509/2505/819 508/2504/819
f 505/2509/820 510/2508/820 504/2507/820
f 512/2512/821 510/2511/821 505/2510/821
f 507/2515/822 515/2514/822 512/2513/822
f 507/2518/823 512/2517/823 511/2516/823
o group831037211
g mesh831037211
usemtl mat21
f 519/2521/824 518/2520/824 517/2519/824
f 522/2524/825 521/2523/825 520/2522/825
f 522/2527/826 520/2526/826 517/2525/826
f 521/2530/827 524/2529/827 523/2528/827
f 520/2533/828 521/2532/828 517/2531/828
f 519/2536/829 522/2535/829 518/2534/829
f 517/2539/830 518/2538/830 522/2537/830
f 524/2542/831 519/2541/831 523/2540/831
f 517/2545/832 523/2544/832 519/2543/832
f 521/2548/833 523/2547/833 517/2546/833
f 522/2551/834 524/2550/834 521/2549/834
f 519/2554/835 524/2553/835 522/2552/835
o group1515626462
g mesh1515626462
usemtl mat21
f 605/2951/965 604/2950/965 603/2949/965
f 608/2954/966 607/2953/966 606/2952/966
f 608/2957/967 610/2956/967 609/2955/967
f 607/2960/968 612/2959/968 611/2958/968
f 610/2963/969 614/2962/969 613/2961/969
f 607/2966/970 608/2965/970 615/2964/970
f 607/2969/971 616/2968/971 606/2967/971
f 614/2972/972 618/2971/972 617/2970/972
f 610/2975/973 618/2974/973 614/2973/973
f 608/2978/974 604/2977/974 605/2976/974
f 613/2981/975 620/2980/975 619/2979/975
f 614/2984/976 611/2983/976 621/2982/976
f 611/2987/977 603/2986/977 621/2985/977
f 622/2990/978 618/2989/978 610/2988/978
f 622/2993/979 607/2992/979 617/2991/979
f 622/2996/980 616/2995/980 607/2994/980
f 618/2999/981 622/2998/981 617/2997/981
f 606/3002/982 610/3001/982 608/3000/982
f 623/3005/983 620/3004/983 621/3003/983
f 621/3008/984 613/3007/984 614/3006/984
f 614/3011/985 617/3010/985 607/3009/985
f 611/3014/986 614/3013/986 607/3012/986
f 606/3017/987 616/3016/987 622/3015/987
f 610/3020/988 606/3019/988 622/3018/988
f 625/3023/989 623/3022/989 624/3021/989
f 626/3026/990 625/3025/990 624/3024/990
f 605/3029/991 612/3028/991 615/3027/991
f 603/3032/992 604/3031/992 624/3030/992
f 603/3035/993 612/3034/993 605/3033/993
f 615/3038/994 612/3037/994 607/3036/994
f 611/3041/995 612/3040/995 603/3039/995
f 605/3044/996 615/3043/996 608/3042/996
f 626/3047/997 627/3046/997 604/3045/997
f 624/3050/998 627/3049/998 626/3048/998
f 604/3053/999 627/3052/999 624/3051/999
f 608/3056/1000 626/3055/1000 604/3054/1000
f 625/3059/1001 626/3058/1001 608/3057/1001
f 619/3062/1002 628/3061/1002 609/3060/1002
f 624/3065/1003 623/3064/1003 621/3063/1003
f 624/3068/1004 621/3067/1004 603/3066/1004
f 620/3073/1005 623/3072/1005 625/3071/1005 628/3070/1005 619/3069/1005
f 628/3077/1006 625/3076/1006 608/3075/1006 609/3074/1006
f 610/3080/1007 613/3079/1007 609/3078/1007
f 620/3083/1008 613/3082/1008 621/3081/1008
f 609/3086/1009 613/3085/1009 619/3084/1009
o group1682862357
g mesh1682862357
usemtl mat21
f 631/3089/1010 630/3088/1010 629/3087/1010
f 634/3092/1011 633/3091/1011 632/3090/1011
f 634/3095/1012 636/3094/1012 635/3093/1012
f 633/3098/1013 638/3097/1013 637/3096/1013
f 636/3101/1014 640/3100/1014 639/3099/1014
f 633/3104/1015 634/3103/1015 641/3102/1015
f 633/3107/1016 642/3106/1016 632/3105/1016
f 640/3110/1017 644/3109/1017 643/3108/1017
f 636/3113/1018 644/3112/1018 640/3111/1018
f 634/3116/1019 630/3115/1019 631/3114/1019
f 639/3119/1020 646/3118/1020 645/3117/1020
f 640/3122/1021 637/3121/1021 647/3120/1021
f 637/3125/1022 629/3124/1022 647/3123/1022
f 648/3128/1023 644/3127/1023 636/3126/1023
f 648/3131/1024 633/3130/1024 643/3129/1024
f 648/3134/1025 642/3133/1025 633/3132/1025
f 644/3137/1026 648/3136/1026 643/3135/1026
f 632/3140/1027 636/3139/1027 634/3138/1027
f 649/3143/1028 646/3142/1028 647/3141/1028
f 647/3146/1029 639/3145/1029 640/3144/1029
f 640/3149/1030 643/3148/1030 633/3147/1030
f 637/3152/1031 640/3151/1031 633/3150/1031
f 632/3155/1032 642/3154/1032 648/3153/1032
f 636/3158/1033 632/3157/1033 648/3156/1033
f 651/3161/1034 649/3160/1034 650/3159/1034
f 652/3164/1035 651/3163/1035 650/3162/1035
f 631/3167/1036 638/3166/1036 641/3165/1036
f 629/3170/1037 630/3169/1037 650/3168/1037
f 629/3173/1038 638/3172/1038 631/3171/1038
f 641/3176/1039 638/3175/1039 633/3174/1039
f 637/3179/1040 638/3178/1040 629/3177/1040
f 631/3182/1041 641/3181/1041 634/3180/1041
f 652/3185/1042 653/3184/1042 630/3183/1042
f 650/3188/1043 653/3187/1043 652/3186/1043
f 630/3191/1044 653/3190/1044 650/3189/1044
f 634/3194/1045 652/3193/1045 630/3192/1045
f 651/3197/1046 652/3196/1046 634/3195/1046
f 645/3200/1047 654/3199/1047 635/3198/1047
f 650/3203/1048 649/3202/1048 647/3201/1048
f 650/3206/1049 647/3205/1049 629/3204/1049
f 646/3211/1050 649/3210/1050 651/3209/1050 654/3208/1050 645/3207/1050
f 654/3215/1051 651/3214/1051 634/3213/1051 635/3212/1051
f 636/3218/1052 639/3217/1052 635/3216/1052
f 646/3221/1053 639/3220/1053 647/3219/1053
f 635/3224/1054 639/3223/1054 645/3222/1054
o group586072867
g mesh586072867
usemtl mat21
f 67/283/89 66/282/89 65/281/89
f 70/286/90 69/285/90 68/284/90
f 70/289/91 72/288/91 71/287/91
f 69/292/92 74/291/92 73/290/92
f 72/295/93 75/294/93 71/293/93
f 69/298/94 70/297/94 76/296/94
f 69/301/95 77/300/95 68/299/95
f 75/304/96 79/303/96 78/302/96
f 72/307/97 79/306/97 75/305/97
f 70/310/98 66/309/98 67/308/98
f 71/313/99 81/312/99 80/311/99
f 75/316/100 73/315/100 82/314/100
f 73/319/101 65/318/101 82/317/101
f 83/322/102 79/321/102 72/320/102
f 83/325/103 69/324/103 78/323/103
f 83/328/104 77/327/104 69/326/104
f 79/331/105 83/330/105 78/329/105
f 68/334/106 72/333/106 70/332/106
f 81/337/107 71/336/107 82/335/107
f 82/340/108 71/339/108 75/338/108
f 75/343/109 78/342/109 69/341/109
f 73/346/110 75/345/110 69/344/110
f 68/349/111 77/348/111 83/347/111
f 72/352/112 68/351/112 83/350/112
f 80/355/113 81/354/113 84/353/113
f 85/358/114 80/357/114 84/356/114
f 67/361/115 74/360/115 76/359/115
f 65/364/116 66/363/116 84/362/116
f 65/367/117 74/366/117 67/365/117
f 76/370/118 74/369/118 69/368/118
f 73/373/119 74/372/119 65/371/119
f 67/376/120 76/375/120 70/374/120
f 85/379/121 86/378/121 66/377/121
f 84/382/122 86/381/122 85/380/122
f 66/385/123 86/384/123 84/383/123
f 70/388/124 85/387/124 66/386/124
f 80/391/125 85/390/125 70/389/125
f 71/394/126 80/393/126 70/392/126
f 84/397/127 81/396/127 82/395/127
f 84/400/128 82/399/128 65/398/128
f 527/2557/836 526/2556/836 525/2555/836
f 530/2560/837 529/2559/837 528/2558/837
f 530/2563/838 532/2562/838 531/2561/838
f 529/2566/839 527/2565/839 533/2564/839
f 532/2569/840 534/2568/840 531/2567/840
f 527/2572/841 529/2571/841 530/2570/841
f 529/2575/842 535/2574/842 528/2573/842
f 534/2578/843 537/2577/843 536/2576/843
f 532/2581/844 537/2580/844 534/2579/844
f 530/2584/845 526/2583/845 527/2582/845
f 531/2587/846 526/2586/846 530/2585/846
f 534/2590/847 533/2589/847 525/2588/847
f 533/2593/848 527/2592/848 525/2591/848
f 535/2598/849 538/2597/849 537/2596/849 532/2595/849 528/2594/849
f 538/2601/850 529/2600/850 536/2599/850
f 538/2604/851 535/2603/851 529/2602/851
f 537/2607/852 538/2606/852 536/2605/852
f 528/2610/853 532/2609/853 530/2608/853
f 526/2613/854 531/2612/854 525/2611/854
f 525/2616/855 531/2615/855 534/2614/855
f 534/2619/856 536/2618/856 529/2617/856
f 533/2622/857 534/2621/857 529/2620/857
f 541/2625/858 540/2624/858 539/2623/858
f 544/2628/859 543/2627/859 542/2626/859
f 544/2631/860 546/2630/860 545/2629/860
f 543/2634/861 541/2633/861 547/2632/861
f 546/2637/862 548/2636/862 545/2635/862
f 541/2640/863 543/2639/863 544/2638/863
f 543/2643/864 549/2642/864 542/2641/864
f 548/2646/865 551/2645/865 550/2644/865
f 546/2649/866 551/2648/866 548/2647/866
f 544/2652/867 540/2651/867 541/2650/867
f 545/2655/868 540/2654/868 544/2653/868
f 548/2658/869 547/2657/869 539/2656/869
f 547/2661/870 541/2660/870 539/2659/870
f 549/2665/871 552/2664/871 546/2663/871 542/2662/871
f 552/2668/872 543/2667/872 550/2666/872
f 552/2671/873 549/2670/873 543/2669/873
f 551/2674/874 552/2673/874 550/2672/874
f 542/2677/875 546/2676/875 544/2675/875
f 540/2680/876 545/2679/876 539/2678/876
f 539/2683/877 545/2682/877 548/2681/877
f 548/2686/878 550/2685/878 543/2684/878
f 547/2689/879 548/2688/879 543/2687/879
f 552/2692/880 551/2691/880 546/2690/880
f 555/2695/881 554/2694/881 553/2693/881
f 558/2698/882 557/2697/882 556/2696/882
f 558/2701/883 560/2700/883 559/2699/883
f 557/2704/884 555/2703/884 561/2702/884
f 560/2707/885 562/2706/885 559/2705/885
f 555/2710/886 557/2709/886 558/2708/886
f 557/2713/887 563/2712/887 556/2711/887
f 562/2716/888 565/2715/888 564/2714/888
f 560/2719/889 565/2718/889 562/2717/889
f 558/2722/890 554/2721/890 555/2720/890
f 559/2725/891 554/2724/891 558/2723/891
f 562/2728/892 561/2727/892 553/2726/892
f 561/2731/893 555/2730/893 553/2729/893
f 563/2736/894 566/2735/894 565/2734/894 560/2733/894 556/2732/894
f 566/2739/895 557/2738/895 564/2737/895
f 566/2742/896 563/2741/896 557/2740/896
f 565/2745/897 566/2744/897 564/2743/897
f 556/2748/898 560/2747/898 558/2746/898
f 554/2751/899 559/2750/899 553/2749/899
f 553/2754/900 559/2753/900 562/2752/900
f 562/2757/901 564/2756/901 557/2755/901
f 561/2760/902 562/2759/902 557/2758/902
f 569/2763/903 568/2762/903 567/2761/903
f 572/2766/904 571/2765/904 570/2764/904
f 572/2769/905 574/2768/905 573/2767/905
f 571/2772/906 569/2771/906 575/2770/906
f 574/2775/907 576/2774/907 573/2773/907
f 569/2778/908 571/2777/908 572/2776/908
f 571/2781/909 577/2780/909 570/2779/909
f 576/2784/910 579/2783/910 578/2782/910
f 574/2787/911 579/2786/911 576/2785/911
f 572/2790/912 568/2789/912 569/2788/912
f 573/2793/913 568/2792/913 572/2791/913
f 576/2796/914 575/2795/914 567/2794/914
f 575/2799/915 569/2798/915 567/2797/915
f 577/2804/916 580/2803/916 579/2802/916 574/2801/916 570/2800/916
f 580/2807/917 571/2806/917 578/2805/917
f 580/2810/918 577/2809/918 571/2808/918
f 579/2813/919 580/2812/919 578/2811/919
f 570/2816/920 574/2815/920 572/2814/920
f 568/2819/921 573/2818/921 567/2817/921
f 567/2822/922 573/2821/922 576/2820/922
f 576/2825/923 578/2824/923 571/2823/923
f 575/2828/924 576/2827/924 571/2826/924
f 583/2831/925 582/2830/925 581/2829/925
f 586/2834/926 585/2833/926 584/2832/926
f 588/2837/927 587/2836/927 584/2835/927
f 590/2840/928 589/2839/928 585/2838/928
f 588/2843/929 591/2842/929 587/2841/929
f 592/2846/930 584/2845/930 585/2844/930
f 586/2849/931 593/2848/931 585/2847/931
f 595/2852/932 594/2851/932 591/2850/932
f 591/2855/933 594/2854/933 587/2853/933
f 581/2858/934 582/2857/934 584/2856/934
f 597/2861/935 596/2860/935 588/2859/935
f 598/2864/936 590/2863/936 591/2862/936
f 598/2867/937 583/2866/937 590/2865/937
f 587/2870/938 594/2869/938 599/2868/938
f 595/2873/939 585/2872/939 599/2871/939
f 585/2876/940 593/2875/940 599/2874/940
f 595/2879/941 599/2878/941 594/2877/941
f 584/2882/942 587/2881/942 586/2880/942
f 598/2885/943 588/2884/943 596/2883/943
f 591/2888/944 588/2887/944 598/2886/944
f 585/2891/945 595/2890/945 591/2889/945
f 585/2894/946 591/2893/946 590/2892/946
f 599/2897/947 593/2896/947 586/2895/947
f 599/2900/948 586/2899/948 587/2898/948
f 600/2903/949 596/2902/949 597/2901/949
f 600/2906/950 597/2905/950 601/2904/950
f 592/2909/951 589/2908/951 581/2907/951
f 600/2912/952 582/2911/952 583/2910/952
f 581/2915/953 589/2914/953 583/2913/953
f 585/2918/954 589/2917/954 592/2916/954
f 583/2921/955 589/2920/955 590/2919/955
f 584/2924/956 592/2923/956 581/2922/956
f 582/2927/957 602/2926/957 601/2925/957
f 601/2930/958 602/2929/958 600/2928/958
f 600/2933/959 602/2932/959 582/2931/959
f 582/2936/960 601/2935/960 584/2934/960
f 584/2939/961 601/2938/961 597/2937/961
f 584/2942/962 597/2941/962 588/2940/962
f 598/2945/963 596/2944/963 600/2943/963
f 583/2948/964 598/2947/964 600/2946/964
o group1263947305
g mesh1263947305
usemtl mat21
f 97/439/141 96/438/141 95/437/141
f 100/442/142 99/441/142 98/440/142
f 96/445/143 100/444/143 98/443/143
f 99/448/144 101/447/144 97/446/144
f 98/451/145 102/450/145 95/449/145
f 97/454/146 101/453/146 96/452/146
f 98/457/147 95/456/147 96/455/147
f 97/460/148 102/459/148 99/458/148
f 100/463/149 101/462/149 99/461/149
f 98/466/150 99/465/150 102/464/150
f 101/469/151 100/468/151 96/467/151
f 95/472/152 102/471/152 97/470/152
f 105/475/153 104/474/153 103/473/153
f 108/478/154 107/477/154 106/476/154
f 108/481/155 106/480/155 103/479/155
f 112/485/156 111/484/156 110/483/156 109/482/156
f 106/488/157 113/487/157 103/486/157
f 105/491/158 108/490/158 104/489/158
f 103/494/159 104/493/159 108/492/159
f 110/497/160 105/496/160 109/495/160
f 103/500/161 109/499/161 105/498/161
f 112/503/162 109/502/162 103/501/162
f 107/506/163 114/505/163 113/504/163
f 105/509/164 110/508/164 108/507/164
f 107/514/165 108/513/165 110/512/165 111/511/165 114/510/165
f 112/517/166 114/516/166 111/515/166
f 107/520/167 113/519/167 106/518/167
f 103/523/168 113/522/168 112/521/168
f 112/526/169 113/525/169 114/524/169
f 117/529/170 116/528/170 115/527/170
f 120/532/171 119/531/171 118/530/171
f 120/535/172 118/534/172 115/533/172
f 119/538/173 122/537/173 121/536/173
f 118/541/174 119/540/174 115/539/174
f 117/544/175 120/543/175 116/542/175
f 115/547/176 116/546/176 120/545/176
f 122/550/177 117/549/177 121/548/177
f 115/553/178 121/552/178 117/551/178
f 119/556/179 121/555/179 115/554/179
f 120/559/180 122/558/180 119/557/180
f 117/562/181 122/561/181 120/560/181
f 125/565/182 124/564/182 123/563/182
f 128/568/183 127/567/183 126/566/183
f 128/571/184 126/570/184 123/569/184
f 127/574/185 130/573/185 129/572/185
f 126/577/186 127/576/186 123/575/186
f 125/580/187 128/579/187 124/578/187
f 123/583/188 124/582/188 128/581/188
f 130/586/189 125/585/189 129/584/189
f 123/589/190 129/588/190 125/587/190
f 127/592/191 129/591/191 123/590/191
f 128/595/192 130/594/192 127/593/192
f 125/598/193 130/597/193 128/596/193
o group1095259667
g mesh1095259667
usemtl mat21
f 211/997/324 210/996/324 209/995/324
f 214/1000/325 213/999/325 212/998/325
f 214/1003/326 212/1002/326 209/1001/326
f 213/1006/327 216/1005/327 215/1004/327
f 212/1009/328 213/1008/328 209/1007/328
f 211/1012/329 214/1011/329 210/1010/329
f 209/1015/330 210/1014/330 214/1013/330
f 216/1018/331 211/1017/331 215/1016/331
f 209/1021/332 215/1020/332 211/1019/332
f 213/1024/333 215/1023/333 209/1022/333
f 214/1027/334 216/1026/334 213/1025/334
f 211/1030/335 216/1029/335 214/1028/335
f 219/1033/336 218/1032/336 217/1031/336
f 222/1036/337 221/1035/337 220/1034/337
f 218/1039/338 222/1038/338 220/1037/338
f 221/1042/339 223/1041/339 219/1040/339
f 220/1045/340 224/1044/340 217/1043/340
f 219/1048/341 223/1047/341 218/1046/341
f 220/1051/342 217/1050/342 218/1049/342
f 219/1054/343 224/1053/343 221/1052/343
f 222/1057/344 223/1056/344 221/1055/344
f 220/1060/345 221/1059/345 224/1058/345
f 223/1063/346 222/1062/346 218/1061/346
f 217/1066/347 224/1065/347 219/1064/347
f 227/1069/348 226/1068/348 225/1067/348
f 230/1072/349 229/1071/349 228/1070/349
f 230/1075/350 228/1074/350 225/1073/350
f 229/1078/351 232/1077/351 231/1076/351
f 228/1081/352 229/1080/352 225/1079/352
f 227/1084/353 230/1083/353 226/1082/353
f 225/1087/354 226/1086/354 230/1085/354
f 232/1090/355 227/1089/355 231/1088/355
f 225/1093/356 231/1092/356 227/1091/356
f 229/1096/357 231/1095/357 225/1094/357
f 230/1099/358 232/1098/358 229/1097/358
f 227/1102/359 232/1101/359 230/1100/359
f 235/1105/360 234/1104/360 233/1103/360
f 238/1108/361 237/1107/361 236/1106/361
f 238/1111/362 236/1110/362 233/1109/362
f 237/1114/363 240/1113/363 239/1112/363
f 236/1117/364 237/1116/364 233/1115/364
f 235/1120/365 238/1119/365 234/1118/365
f 233/1123/366 234/1122/366 238/1121/366
f 240/1126/367 235/1125/367 239/1124/367
f 233/1129/368 239/1128/368 235/1127/368
f 237/1132/369 239/1131/369 233/1130/369
f 238/1135/370 240/1134/370 237/1133/370
f 235/1138/371 240/1137/371 238/1136/371
